Position,Name + ID,Name,ID,Roster Position,Salary,Game Info,TeamAbbrev,AvgPointsPerGame
RB,Christian McCaffrey (40142470),Christian McCaffrey,40142470,RB/FLEX,8500,JAX@SF 09/28/2025 04:05PM ET,SF,23.3
RB,Bijan Robinson (40142472),Bijan Robinson,40142472,RB/FLEX,8200,WAS@ATL 09/28/2025 01:00PM ET,ATL,22.1
WR,Puka Nacua (40142716),Puka Nacua,40142716,WR/FLEX,7900,IND@LAR 09/28/2025 04:05PM ET,LAR,26.5
QB,Josh Allen (40142394),Josh Allen,40142394,QB,7700,NO@BUF 09/28/2025 01:00PM ET,BUF,25.53
RB,Jahmyr Gibbs (40142474),Jahmyr Gibbs,40142474,RB/FLEX,7700,CLE@DET 09/28/2025 01:00PM ET,DET,20.43
RB,Saquon Barkley (40142476),Saquon Barkley,40142476,RB/FLEX,7600,PHI@TB 09/28/2025 01:00PM ET,PHI,15.1
RB,Jonathan Taylor (40142478),Jonathan Taylor,40142478,RB/FLEX,7500,IND@LAR 09/28/2025 04:05PM ET,IND,27.03
QB,Lamar Jackson (40142395),Lamar Jackson,40142395,QB,7500,BAL@KC 09/28/2025 04:25PM ET,BAL,27.56
WR,Nico Collins (40142718),Nico Collins,40142718,WR/FLEX,7400,TEN@HOU 09/28/2025 01:00PM ET,HOU,15.37
WR,Amon-Ra St. Brown (40142720),Amon-Ra St. Brown,40142720,WR/FLEX,7300,CLE@DET 09/28/2025 01:00PM ET,DET,23.8
RB,Derrick Henry (40142480),Derrick Henry,40142480,RB/FLEX,7200,BAL@KC 09/28/2025 04:25PM ET,BAL,15.73
RB,James Cook III (40142482),James Cook III,40142482,RB/FLEX,7100,NO@BUF 09/28/2025 01:00PM ET,BUF,24.83
QB,Jayden Daniels (40142396),Jayden Daniels,40142396,QB,7000,WAS@ATL 09/28/2025 01:00PM ET,WAS,19.91
WR,Malik Nabers (40142722),Malik Nabers,40142722,WR/FLEX,7000,LAC@NYG 09/28/2025 01:00PM ET,NYG,18.7
RB,Bucky Irving (40142484),Bucky Irving,40142484,RB/FLEX,6900,PHI@TB 09/28/2025 01:00PM ET,TB,15.5
WR,Emeka Egbuka (40142724),Emeka Egbuka,40142724,WR/FLEX,6800,PHI@TB 09/28/2025 01:00PM ET,TB,17
QB,Jalen Hurts (40142397),Jalen Hurts,40142397,QB,6700,PHI@TB 09/28/2025 01:00PM ET,PHI,21.95
WR,Zay Flowers (40142726),Zay Flowers,40142726,WR/FLEX,6700,BAL@KC 09/28/2025 04:25PM ET,BAL,16.43
WR,Mike Evans (40142728),Mike Evans,40142728,WR/FLEX,6600,PHI@TB 09/28/2025 01:00PM ET,TB,11.33
WR,Ladd McConkey (40142730),Ladd McConkey,40142730,WR/FLEX,6500,LAC@NYG 09/28/2025 01:00PM ET,LAC,10.43
QB,Baker Mayfield (40142398),Baker Mayfield,40142398,QB,6500,PHI@TB 09/28/2025 01:00PM ET,TB,20.07
QB,Jared Goff (40142399),Jared Goff,40142399,QB,6400,CLE@DET 09/28/2025 01:00PM ET,DET,20.51
WR,A.J. Brown (40142732),A.J. Brown,40142732,WR/FLEX,6400,PHI@TB 09/28/2025 01:00PM ET,PHI,11.8
QB,Justin Herbert (40142400),Justin Herbert,40142400,QB,6300,LAC@NYG 09/28/2025 01:00PM ET,LAC,23.1
RB,Kyren Williams (40142486),Kyren Williams,40142486,RB/FLEX,6300,IND@LAR 09/28/2025 04:05PM ET,LAR,14.37
WR,Rome Odunze (40142734),Rome Odunze,40142734,WR/FLEX,6300,CHI@LV 09/28/2025 04:25PM ET,CHI,21.9
WR,Davante Adams (40142736),Davante Adams,40142736,WR/FLEX,6200,IND@LAR 09/28/2025 04:05PM ET,LAR,16.43
RB,Ashton Jeanty (40142488),Ashton Jeanty,40142488,RB/FLEX,6200,CHI@LV 09/28/2025 04:25PM ET,LV,8.57
RB,Alvin Kamara (40142490),Alvin Kamara,40142490,RB/FLEX,6100,NO@BUF 09/28/2025 01:00PM ET,NO,12.43
QB,Brock Purdy (40142401),Brock Purdy,40142401,QB,6100,JAX@SF 09/28/2025 04:05PM ET,SF,18.78
WR,Brian Thomas Jr. (40142738),Brian Thomas Jr.,40142738,WR/FLEX,6100,JAX@SF 09/28/2025 04:05PM ET,JAX,8.47
WR,Deebo Samuel Sr. (40142740),Deebo Samuel Sr.,40142740,WR/FLEX,6000,WAS@ATL 09/28/2025 01:00PM ET,WAS,14.97
RB,Chuba Hubbard (40142492),Chuba Hubbard,40142492,RB/FLEX,6000,CAR@NE 09/28/2025 01:00PM ET,CAR,15.4
WR,Chris Godwin Jr. (40142742),Chris Godwin Jr.,40142742,WR/FLEX,6000,PHI@TB 09/28/2025 01:00PM ET,TB,0
QB,Patrick Mahomes (40142402),Patrick Mahomes,40142402,QB,6000,BAL@KC 09/28/2025 04:25PM ET,KC,20.75
WR,Jameson Williams (40142744),Jameson Williams,40142744,WR/FLEX,5900,CLE@DET 09/28/2025 01:00PM ET,DET,11.57
WR,Tetairoa McMillan (40142746),Tetairoa McMillan,40142746,WR/FLEX,5900,CAR@NE 09/28/2025 01:00PM ET,CAR,12.87
RB,Omarion Hampton (40142494),Omarion Hampton,40142494,RB/FLEX,5900,LAC@NYG 09/28/2025 01:00PM ET,LAC,12.17
QB,Matthew Stafford (40142403),Matthew Stafford,40142403,QB,5900,IND@LAR 09/28/2025 04:05PM ET,LAR,15.59
RB,Travis Etienne Jr. (40142496),Travis Etienne Jr.,40142496,RB/FLEX,5800,JAX@SF 09/28/2025 04:05PM ET,JAX,16.7
WR,Xavier Worthy (40142748),Xavier Worthy,40142748,WR/FLEX,5800,BAL@KC 09/28/2025 04:25PM ET,KC,0
QB,Caleb Williams (40142404),Caleb Williams,40142404,QB,5800,CHI@LV 09/28/2025 04:25PM ET,CHI,23.77
TE,Brock Bowers (40143134),Brock Bowers,40143134,TE/FLEX,5800,CHI@LV 09/28/2025 04:25PM ET,LV,12.3
WR,Drake London (40142750),Drake London,40142750,WR/FLEX,5700,WAS@ATL 09/28/2025 01:00PM ET,ATL,10.3
RB,David Montgomery (40142498),David Montgomery,40142498,RB/FLEX,5700,CLE@DET 09/28/2025 01:00PM ET,DET,17.93
WR,Ricky Pearsall (40142752),Ricky Pearsall,40142752,WR/FLEX,5700,JAX@SF 09/28/2025 04:05PM ET,SF,16.57
WR,Keon Coleman (40142754),Keon Coleman,40142754,WR/FLEX,5600,NO@BUF 09/28/2025 01:00PM ET,BUF,12.93
RB,Tony Pollard (40142500),Tony Pollard,40142500,RB/FLEX,5600,TEN@HOU 09/28/2025 01:00PM ET,TEN,10.67
QB,Daniel Jones (40142405),Daniel Jones,40142405,QB,5600,IND@LAR 09/28/2025 04:05PM ET,IND,23.71
WR,DJ Moore (40142756),DJ Moore,40142756,WR/FLEX,5600,CHI@LV 09/28/2025 04:25PM ET,CHI,10.67
WR,Terry McLaurin (40142758),Terry McLaurin,40142758,WR/FLEX,5500,WAS@ATL 09/28/2025 01:00PM ET,WAS,8.3
RB,Quinshon Judkins (40142502),Quinshon Judkins,40142502,RB/FLEX,5500,CLE@DET 09/28/2025 01:00PM ET,CLE,13.3
QB,Drake Maye (40142406),Drake Maye,40142406,QB,5500,CAR@NE 09/28/2025 01:00PM ET,NE,21.43
RB,Cam Skattebo (40142504),Cam Skattebo,40142504,RB/FLEX,5500,LAC@NYG 09/28/2025 01:00PM ET,NYG,13.63
WR,Quentin Johnston (40142760),Quentin Johnston,40142760,WR/FLEX,5500,LAC@NYG 09/28/2025 01:00PM ET,LAC,18.57
WR,DeVonta Smith (40142764),DeVonta Smith,40142764,WR/FLEX,5400,PHI@TB 09/28/2025 01:00PM ET,PHI,11.3
QB,Geno Smith (40142407),Geno Smith,40142407,QB,5400,CHI@LV 09/28/2025 04:25PM ET,LV,17.91
RB,D'Andre Swift (40142506),D'Andre Swift,40142506,RB/FLEX,5400,CHI@LV 09/28/2025 04:25PM ET,CHI,11.73
WR,Jakobi Meyers (40142762),Jakobi Meyers,40142762,WR/FLEX,5400,CHI@LV 09/28/2025 04:25PM ET,LV,13.27
RB,Jacory Croskey-Merritt (40142508),Jacory Croskey-Merritt,40142508,RB/FLEX,5300,WAS@ATL 09/28/2025 01:00PM ET,WAS,8.67
WR,Khalil Shakir (40142766),Khalil Shakir,40142766,WR/FLEX,5300,NO@BUF 09/28/2025 01:00PM ET,BUF,9.7
QB,C.J. Stroud (40142408),C.J. Stroud,40142408,QB,5300,TEN@HOU 09/28/2025 01:00PM ET,HOU,12.35
WR,Keenan Allen (40142768),Keenan Allen,40142768,WR/FLEX,5300,LAC@NYG 09/28/2025 01:00PM ET,LAC,18.8
RB,TreVeyon Henderson (40142510),TreVeyon Henderson,40142510,RB/FLEX,5200,CAR@NE 09/28/2025 01:00PM ET,NE,8.27
QB,Trevor Lawrence (40142409),Trevor Lawrence,40142409,QB,5200,JAX@SF 09/28/2025 04:05PM ET,JAX,13.78
WR,Hollywood Brown (40142770),Hollywood Brown,40142770,WR/FLEX,5200,BAL@KC 09/28/2025 04:25PM ET,KC,12.03
QB,Michael Penix Jr. (40142411),Michael Penix Jr.,40142411,QB,5100,WAS@ATL 09/28/2025 01:00PM ET,ATL,11.7
WR,Chris Olave (40142772),Chris Olave,40142772,WR/FLEX,5100,NO@BUF 09/28/2025 01:00PM ET,NO,13.17
RB,Nick Chubb (40142512),Nick Chubb,40142512,RB/FLEX,5100,TEN@HOU 09/28/2025 01:00PM ET,HOU,9.4
RB,Rhamondre Stevenson (40142514),Rhamondre Stevenson,40142514,RB/FLEX,5100,CAR@NE 09/28/2025 01:00PM ET,NE,10.83
WR,Michael Pittman Jr. (40142774),Michael Pittman Jr.,40142774,WR/FLEX,5100,IND@LAR 09/28/2025 04:05PM ET,IND,15.77
QB,Mac Jones (40142410),Mac Jones,40142410,QB,5100,JAX@SF 09/28/2025 04:05PM ET,SF,18.51
QB,Marcus Mariota (40142413),Marcus Mariota,40142413,QB,5000,WAS@ATL 09/28/2025 01:00PM ET,WAS,21.28
QB,Russell Wilson (40142412),Russell Wilson,40142412,QB,5000,LAC@NYG 09/28/2025 01:00PM ET,NYG,17.51
RB,Tyrone Tracy Jr. (40142518),Tyrone Tracy Jr.,40142518,RB/FLEX,5000,LAC@NYG 09/28/2025 01:00PM ET,NYG,6.73
WR,Wan'Dale Robinson (40142778),Wan'Dale Robinson,40142778,WR/FLEX,5000,LAC@NYG 09/28/2025 01:00PM ET,NYG,15.43
WR,Jauan Jennings (40142776),Jauan Jennings,40142776,WR/FLEX,5000,JAX@SF 09/28/2025 04:05PM ET,SF,11.75
RB,Isiah Pacheco (40142516),Isiah Pacheco,40142516,RB/FLEX,5000,BAL@KC 09/28/2025 04:25PM ET,KC,4.83
RB,Jeremy McNichols (40142520),Jeremy McNichols,40142520,RB/FLEX,4900,WAS@ATL 09/28/2025 01:00PM ET,WAS,5.43
WR,Jerry Jeudy (40142780),Jerry Jeudy,40142780,WR/FLEX,4900,CLE@DET 09/28/2025 01:00PM ET,CLE,7.8
WR,Calvin Ridley (40142782),Calvin Ridley,40142782,WR/FLEX,4900,TEN@HOU 09/28/2025 01:00PM ET,TEN,6.37
QB,Bryce Young (40142414),Bryce Young,40142414,QB,4900,CAR@NE 09/28/2025 01:00PM ET,CAR,16.37
RB,Rachaad White (40142522),Rachaad White,40142522,RB/FLEX,4900,PHI@TB 09/28/2025 01:00PM ET,TB,6.53
QB,Cam Ward (40142415),Cam Ward,40142415,QB,4800,TEN@HOU 09/28/2025 01:00PM ET,TEN,9.08
RB,Bhayshul Tuten (40142524),Bhayshul Tuten,40142524,RB/FLEX,4800,JAX@SF 09/28/2025 04:05PM ET,JAX,8.2
RB,Kareem Hunt (40142526),Kareem Hunt,40142526,RB/FLEX,4800,BAL@KC 09/28/2025 04:25PM ET,KC,6.8
WR,Rashod Bateman (40142784),Rashod Bateman,40142784,WR/FLEX,4800,BAL@KC 09/28/2025 04:25PM ET,BAL,7.93
TE,Travis Kelce (40143136),Travis Kelce,40143136,TE/FLEX,4800,BAL@KC 09/28/2025 04:25PM ET,KC,9.8
RB,Tyler Allgeier (40142530),Tyler Allgeier,40142530,RB/FLEX,4700,WAS@ATL 09/28/2025 01:00PM ET,ATL,6.27
WR,Darnell Mooney (40142786),Darnell Mooney,40142786,WR/FLEX,4700,WAS@ATL 09/28/2025 01:00PM ET,ATL,6.2
QB,Spencer Rattler (40142416),Spencer Rattler,40142416,QB,4700,NO@BUF 09/28/2025 01:00PM ET,NO,15.29
QB,Joe Flacco (40142417),Joe Flacco,40142417,QB,4700,CLE@DET 09/28/2025 01:00PM ET,CLE,9.88
RB,Justice Hill (40142528),Justice Hill,40142528,RB/FLEX,4700,BAL@KC 09/28/2025 04:25PM ET,BAL,4.3
WR,Luther Burden III (40142788),Luther Burden III,40142788,WR/FLEX,4700,CHI@LV 09/28/2025 04:25PM ET,CHI,8.33
QB,Kirk Cousins (40142418),Kirk Cousins,40142418,QB,4600,WAS@ATL 09/28/2025 01:00PM ET,ATL,1.16
WR,Rashid Shaheed (40142792),Rashid Shaheed,40142792,WR/FLEX,4600,NO@BUF 09/28/2025 01:00PM ET,NO,10.9
RB,Jerome Ford (40142534),Jerome Ford,40142534,RB/FLEX,4600,CLE@DET 09/28/2025 01:00PM ET,CLE,5.63
RB,Antonio Gibson (40142532),Antonio Gibson,40142532,RB/FLEX,4600,CAR@NE 09/28/2025 01:00PM ET,NE,3.97
TE,Tyler Warren (40143138),Tyler Warren,40143138,TE/FLEX,4600,IND@LAR 09/28/2025 04:05PM ET,IND,11.2
WR,Travis Hunter (40142790),Travis Hunter,40142790,WR/FLEX,4600,JAX@SF 09/28/2025 04:05PM ET,JAX,5.87
TE,Dalton Kincaid (40143140),Dalton Kincaid,40143140,TE/FLEX,4500,NO@BUF 09/28/2025 01:00PM ET,BUF,13.37
RB,Rico Dowdle (40142538),Rico Dowdle,40142538,RB/FLEX,4500,CAR@NE 09/28/2025 01:00PM ET,CAR,5.77
WR,Stefon Diggs (40142796),Stefon Diggs,40142796,WR/FLEX,4500,CAR@NE 09/28/2025 01:00PM ET,NE,8.07
QB,Jaxson Dart (40142419),Jaxson Dart,40142419,QB,4500,LAC@NYG 09/28/2025 01:00PM ET,NYG,0
RB,Devin Singletary (40142540),Devin Singletary,40142540,RB/FLEX,4500,LAC@NYG 09/28/2025 01:00PM ET,NYG,1
RB,Brian Robinson Jr. (40142536),Brian Robinson Jr.,40142536,RB/FLEX,4500,JAX@SF 09/28/2025 04:05PM ET,SF,3.27
WR,DeAndre Hopkins (40142794),DeAndre Hopkins,40142794,WR/FLEX,4500,BAL@KC 09/28/2025 04:25PM ET,BAL,9.4
QB,Kyle Allen (40142420),Kyle Allen,40142420,QB,4400,CLE@DET 09/28/2025 01:00PM ET,DET,0
TE,Sam LaPorta (40143142),Sam LaPorta,40143142,TE/FLEX,4400,CLE@DET 09/28/2025 01:00PM ET,DET,8.93
RB,Woody Marks (40142542),Woody Marks,40142542,RB/FLEX,4400,TEN@HOU 09/28/2025 01:00PM ET,HOU,3.67
WR,Christian Kirk (40142800),Christian Kirk,40142800,WR/FLEX,4400,TEN@HOU 09/28/2025 01:00PM ET,HOU,5.5
QB,Andy Dalton (40142421),Andy Dalton,40142421,QB,4400,CAR@NE 09/28/2025 01:00PM ET,CAR,-0.1
RB,Hassan Haskins (40142544),Hassan Haskins,40142544,RB/FLEX,4400,LAC@NYG 09/28/2025 01:00PM ET,LAC,0
QB,Jimmy Garoppolo (40142422),Jimmy Garoppolo,40142422,QB,4400,IND@LAR 09/28/2025 04:05PM ET,LAR,0
WR,Alec Pierce (40142798),Alec Pierce,40142798,WR/FLEX,4400,IND@LAR 09/28/2025 04:05PM ET,IND,8.7
RB,Kyle Monangai (40142712),Kyle Monangai,40142712,RB/FLEX,4400,CHI@LV 09/28/2025 04:25PM ET,CHI,3.23
WR,Joshua Palmer (40142804),Joshua Palmer,40142804,WR/FLEX,4300,NO@BUF 09/28/2025 01:00PM ET,BUF,6.43
WR,Kayshon Boutte (40142802),Kayshon Boutte,40142802,WR/FLEX,4300,CAR@NE 09/28/2025 01:00PM ET,NE,10.9
RB,Najee Harris (40142562),Najee Harris,40142562,RB/FLEX,4300,LAC@NYG 09/28/2025 01:00PM ET,LAC,3.87
RB,Will Shipley (40142546),Will Shipley,40142546,RB/FLEX,4300,PHI@TB 09/28/2025 01:00PM ET,PHI,2.6
RB,Blake Corum (40142548),Blake Corum,40142548,RB/FLEX,4300,IND@LAR 09/28/2025 04:05PM ET,LAR,6.1
QB,Cooper Rush (40142423),Cooper Rush,40142423,QB,4300,BAL@KC 09/28/2025 04:25PM ET,BAL,-0.4
QB,Tyler Huntley (40142424),Tyler Huntley,40142424,QB,4300,BAL@KC 09/28/2025 04:25PM ET,BAL,0
TE,Mark Andrews (40143144),Mark Andrews,40143144,TE/FLEX,4300,BAL@KC 09/28/2025 04:25PM ET,BAL,10
RB,Chris Rodriguez Jr. (40142552),Chris Rodriguez Jr.,40142552,RB/FLEX,4200,WAS@ATL 09/28/2025 01:00PM ET,WAS,3.9
QB,Tyler Shough (40142425),Tyler Shough,40142425,QB,4200,NO@BUF 09/28/2025 01:00PM ET,NO,0
TE,Juwan Johnson (40143146),Juwan Johnson,40143146,TE/FLEX,4200,NO@BUF 09/28/2025 01:00PM ET,NO,14.2
QB,Dillon Gabriel (40142426),Dillon Gabriel,40142426,QB,4200,CLE@DET 09/28/2025 01:00PM ET,CLE,4.76
QB,Shedeur Sanders (40142427),Shedeur Sanders,40142427,QB,4200,CLE@DET 09/28/2025 01:00PM ET,CLE,0
RB,Dylan Sampson (40142550),Dylan Sampson,40142550,RB/FLEX,4200,CLE@DET 09/28/2025 01:00PM ET,CLE,9.47
WR,Cedric Tillman (40142806),Cedric Tillman,40142806,WR/FLEX,4200,CLE@DET 09/28/2025 01:00PM ET,CLE,10.67
RB,Keaton Mitchell (40142554),Keaton Mitchell,40142554,RB/FLEX,4200,BAL@KC 09/28/2025 04:25PM ET,BAL,0
WR,Tre Tucker (40142808),Tre Tucker,40142808,WR/FLEX,4200,CHI@LV 09/28/2025 04:25PM ET,LV,20.73
TE,Zach Ertz (40143148),Zach Ertz,40143148,TE/FLEX,4100,WAS@ATL 09/28/2025 01:00PM ET,WAS,12.27
RB,Kendre Miller (40142560),Kendre Miller,40142560,RB/FLEX,4100,NO@BUF 09/28/2025 01:00PM ET,NO,3.33
RB,Tank Bigsby (40142558),Tank Bigsby,40142558,RB/FLEX,4100,PHI@TB 09/28/2025 01:00PM ET,PHI,0.4
QB,Anthony Richardson Sr. (40142428),Anthony Richardson Sr.,40142428,QB,4100,IND@LAR 09/28/2025 04:05PM ET,IND,-0.1
WR,Josh Downs (40142812),Josh Downs,40142812,WR/FLEX,4100,IND@LAR 09/28/2025 04:05PM ET,IND,6.57
WR,Dyami Brown (40142810),Dyami Brown,40142810,WR/FLEX,4100,JAX@SF 09/28/2025 04:05PM ET,JAX,9.7
RB,Zamir White (40142556),Zamir White,40142556,RB/FLEX,4100,CHI@LV 09/28/2025 04:25PM ET,LV,2.47
QB,Josh Johnson (40142466),Josh Johnson,40142466,QB,4000,WAS@ATL 09/28/2025 01:00PM ET,WAS,0
QB,Sam Hartman (40142467),Sam Hartman,40142467,QB,4000,WAS@ATL 09/28/2025 01:00PM ET,WAS,0
QB,Emory Jones (40142468),Emory Jones,40142468,QB,4000,WAS@ATL 09/28/2025 01:00PM ET,ATL,0
QB,Easton Stick (40142469),Easton Stick,40142469,QB,4000,WAS@ATL 09/28/2025 01:00PM ET,ATL,0
RB,Austin Ekeler (40142702),Austin Ekeler,40142702,RB/FLEX,4000,WAS@ATL 09/28/2025 01:00PM ET,WAS,6.55
RB,Chase Edmonds (40142704),Chase Edmonds,40142704,RB/FLEX,4000,WAS@ATL 09/28/2025 01:00PM ET,WAS,0
RB,Donovan Edwards (40142706),Donovan Edwards,40142706,RB/FLEX,4000,WAS@ATL 09/28/2025 01:00PM ET,WAS,0
RB,Nathan Carter (40142708),Nathan Carter,40142708,RB/FLEX,4000,WAS@ATL 09/28/2025 01:00PM ET,ATL,1.8
RB,Carlos Washington Jr. (40142710),Carlos Washington Jr.,40142710,RB/FLEX,4000,WAS@ATL 09/28/2025 01:00PM ET,ATL,0
QB,Hunter Dekkers (40142462),Hunter Dekkers,40142462,QB,4000,NO@BUF 09/28/2025 01:00PM ET,NO,0
QB,Jake Haener (40142463),Jake Haener,40142463,QB,4000,NO@BUF 09/28/2025 01:00PM ET,NO,0
QB,Mitchell Trubisky (40142464),Mitchell Trubisky,40142464,QB,4000,NO@BUF 09/28/2025 01:00PM ET,BUF,0.98
QB,Shane Buechele (40142465),Shane Buechele,40142465,QB,4000,NO@BUF 09/28/2025 01:00PM ET,BUF,0
RB,Ray Davis (40142568),Ray Davis,40142568,RB/FLEX,4000,NO@BUF 09/28/2025 01:00PM ET,BUF,1.17
RB,Devin Neal (40142692),Devin Neal,40142692,RB/FLEX,4000,NO@BUF 09/28/2025 01:00PM ET,NO,0.9
RB,Velus Jones Jr. (40142694),Velus Jones Jr.,40142694,RB/FLEX,4000,NO@BUF 09/28/2025 01:00PM ET,NO,0
RB,Ty Johnson (40142696),Ty Johnson,40142696,RB/FLEX,4000,NO@BUF 09/28/2025 01:00PM ET,BUF,2.03
RB,Reggie Gilliam (40142698),Reggie Gilliam,40142698,RB/FLEX,4000,NO@BUF 09/28/2025 01:00PM ET,BUF,0
RB,Frank Gore Jr. (40142700),Frank Gore Jr.,40142700,RB/FLEX,4000,NO@BUF 09/28/2025 01:00PM ET,BUF,0
QB,C.J. Beathard (40142459),C.J. Beathard,40142459,QB,4000,CLE@DET 09/28/2025 01:00PM ET,DET,0
QB,Deshaun Watson (40142460),Deshaun Watson,40142460,QB,4000,CLE@DET 09/28/2025 01:00PM ET,CLE,0
QB,Bailey Zappe (40142461),Bailey Zappe,40142461,QB,4000,CLE@DET 09/28/2025 01:00PM ET,CLE,0
RB,Craig Reynolds (40142680),Craig Reynolds,40142680,RB/FLEX,4000,CLE@DET 09/28/2025 01:00PM ET,DET,0.2
RB,Sione Vaki (40142682),Sione Vaki,40142682,RB/FLEX,4000,CLE@DET 09/28/2025 01:00PM ET,DET,0
RB,Jacob Saylors (40142684),Jacob Saylors,40142684,RB/FLEX,4000,CLE@DET 09/28/2025 01:00PM ET,DET,0
RB,Kye Robichaux (40142686),Kye Robichaux,40142686,RB/FLEX,4000,CLE@DET 09/28/2025 01:00PM ET,DET,0
RB,Raheim Sanders (40142688),Raheim Sanders,40142688,RB/FLEX,4000,CLE@DET 09/28/2025 01:00PM ET,CLE,6.3
RB,Ahmani Marshall (40142690),Ahmani Marshall,40142690,RB/FLEX,4000,CLE@DET 09/28/2025 01:00PM ET,CLE,0
QB,Davis Mills (40142431),Davis Mills,40142431,QB,4000,TEN@HOU 09/28/2025 01:00PM ET,HOU,0
QB,Brandon Allen (40142455),Brandon Allen,40142455,QB,4000,TEN@HOU 09/28/2025 01:00PM ET,TEN,0
QB,Will Levis (40142456),Will Levis,40142456,QB,4000,TEN@HOU 09/28/2025 01:00PM ET,TEN,0
QB,Trevor Siemian (40142457),Trevor Siemian,40142457,QB,4000,TEN@HOU 09/28/2025 01:00PM ET,TEN,0
QB,Graham Mertz (40142458),Graham Mertz,40142458,QB,4000,TEN@HOU 09/28/2025 01:00PM ET,HOU,0
RB,Dameon Pierce (40142564),Dameon Pierce,40142564,RB/FLEX,4000,TEN@HOU 09/28/2025 01:00PM ET,HOU,0.5
RB,Julius Chestnut (40142664),Julius Chestnut,40142664,RB/FLEX,4000,TEN@HOU 09/28/2025 01:00PM ET,TEN,0.93
RB,Kalel Mullings (40142666),Kalel Mullings,40142666,RB/FLEX,4000,TEN@HOU 09/28/2025 01:00PM ET,TEN,0
RB,Tyjae Spears (40142668),Tyjae Spears,40142668,RB/FLEX,4000,TEN@HOU 09/28/2025 01:00PM ET,TEN,0
RB,Jordan Mims (40142670),Jordan Mims,40142670,RB/FLEX,4000,TEN@HOU 09/28/2025 01:00PM ET,TEN,0
RB,Dare Ogunbowale (40142672),Dare Ogunbowale,40142672,RB/FLEX,4000,TEN@HOU 09/28/2025 01:00PM ET,HOU,1.2
RB,British Brooks (40142674),British Brooks,40142674,RB/FLEX,4000,TEN@HOU 09/28/2025 01:00PM ET,HOU,0
RB,Joe Mixon (40142676),Joe Mixon,40142676,RB/FLEX,4000,TEN@HOU 09/28/2025 01:00PM ET,HOU,0
RB,Jawhar Jordan (40142678),Jawhar Jordan,40142678,RB/FLEX,4000,TEN@HOU 09/28/2025 01:00PM ET,HOU,0
QB,Hendon Hooker (40142452),Hendon Hooker,40142452,QB,4000,CAR@NE 09/28/2025 01:00PM ET,CAR,0
QB,Joshua Dobbs (40142453),Joshua Dobbs,40142453,QB,4000,CAR@NE 09/28/2025 01:00PM ET,NE,0
QB,Tommy DeVito (40142454),Tommy DeVito,40142454,QB,4000,CAR@NE 09/28/2025 01:00PM ET,NE,0
RB,Trevor Etienne (40142648),Trevor Etienne,40142648,RB/FLEX,4000,CAR@NE 09/28/2025 01:00PM ET,CAR,0.2
RB,Jonathon Brooks (40142650),Jonathon Brooks,40142650,RB/FLEX,4000,CAR@NE 09/28/2025 01:00PM ET,CAR,0
RB,DeeJay Dallas (40142652),DeeJay Dallas,40142652,RB/FLEX,4000,CAR@NE 09/28/2025 01:00PM ET,CAR,0
RB,Lan Larison (40142654),Lan Larison,40142654,RB/FLEX,4000,CAR@NE 09/28/2025 01:00PM ET,NE,0
RB,Deneric Prince (40142656),Deneric Prince,40142656,RB/FLEX,4000,CAR@NE 09/28/2025 01:00PM ET,NE,0
RB,Jack Westover (40142658),Jack Westover,40142658,RB/FLEX,4000,CAR@NE 09/28/2025 01:00PM ET,NE,0
RB,Terrell Jennings (40142660),Terrell Jennings,40142660,RB/FLEX,4000,CAR@NE 09/28/2025 01:00PM ET,NE,0
RB,Brock Lampe (40142662),Brock Lampe,40142662,RB/FLEX,4000,CAR@NE 09/28/2025 01:00PM ET,NE,0
TE,Hunter Henry (40143150),Hunter Henry,40143150,TE/FLEX,4000,CAR@NE 09/28/2025 01:00PM ET,NE,13.83
QB,Jameis Winston (40142430),Jameis Winston,40142430,QB,4000,LAC@NYG 09/28/2025 01:00PM ET,NYG,0
QB,Trey Lance (40142432),Trey Lance,40142432,QB,4000,LAC@NYG 09/28/2025 01:00PM ET,LAC,0
QB,DJ Uiagalelei (40142451),DJ Uiagalelei,40142451,QB,4000,LAC@NYG 09/28/2025 01:00PM ET,LAC,0
RB,Kimani Vidal (40142638),Kimani Vidal,40142638,RB/FLEX,4000,LAC@NYG 09/28/2025 01:00PM ET,LAC,0
RB,Amar Johnson (40142640),Amar Johnson,40142640,RB/FLEX,4000,LAC@NYG 09/28/2025 01:00PM ET,LAC,0
RB,Scott Matlock (40142642),Scott Matlock,40142642,RB/FLEX,4000,LAC@NYG 09/28/2025 01:00PM ET,LAC,0
RB,Eric Gray (40142644),Eric Gray,40142644,RB/FLEX,4000,LAC@NYG 09/28/2025 01:00PM ET,NYG,0
RB,Dante Miller (40142646),Dante Miller,40142646,RB/FLEX,4000,LAC@NYG 09/28/2025 01:00PM ET,NYG,0
QB,Teddy Bridgewater (40142433),Teddy Bridgewater,40142433,QB,4000,PHI@TB 09/28/2025 01:00PM ET,TB,0
QB,Connor Bazelak (40142447),Connor Bazelak,40142447,QB,4000,PHI@TB 09/28/2025 01:00PM ET,TB,0
QB,Tanner McKee (40142448),Tanner McKee,40142448,QB,4000,PHI@TB 09/28/2025 01:00PM ET,PHI,0
QB,Sam Howell (40142449),Sam Howell,40142449,QB,4000,PHI@TB 09/28/2025 01:00PM ET,PHI,0
QB,Kyle McCord (40142450),Kyle McCord,40142450,QB,4000,PHI@TB 09/28/2025 01:00PM ET,PHI,0
RB,Sean Tucker (40142628),Sean Tucker,40142628,RB/FLEX,4000,PHI@TB 09/28/2025 01:00PM ET,TB,0.07
RB,Josh Williams (40142630),Josh Williams,40142630,RB/FLEX,4000,PHI@TB 09/28/2025 01:00PM ET,TB,0
RB,A.J. Dillon (40142632),A.J. Dillon,40142632,RB/FLEX,4000,PHI@TB 09/28/2025 01:00PM ET,PHI,0.97
RB,Ben VanSumeren (40142634),Ben VanSumeren,40142634,RB/FLEX,4000,PHI@TB 09/28/2025 01:00PM ET,PHI,0
RB,Audric Estime (40142636),Audric Estime,40142636,RB/FLEX,4000,PHI@TB 09/28/2025 01:00PM ET,PHI,0
WR,Sterling Shepard (40142814),Sterling Shepard,40142814,WR/FLEX,4000,PHI@TB 09/28/2025 01:00PM ET,TB,8.77
QB,Stetson Bennett IV (40142445),Stetson Bennett IV,40142445,QB,4000,IND@LAR 09/28/2025 04:05PM ET,LAR,0
QB,Riley Leonard (40142446),Riley Leonard,40142446,QB,4000,IND@LAR 09/28/2025 04:05PM ET,IND,0
RB,Jarquez Hunter (40142616),Jarquez Hunter,40142616,RB/FLEX,4000,IND@LAR 09/28/2025 04:05PM ET,LAR,0
RB,Ronnie Rivers (40142618),Ronnie Rivers,40142618,RB/FLEX,4000,IND@LAR 09/28/2025 04:05PM ET,LAR,0
RB,Tyler Goodson (40142620),Tyler Goodson,40142620,RB/FLEX,4000,IND@LAR 09/28/2025 04:05PM ET,IND,0.6
RB,Salvon Ahmed (40142622),Salvon Ahmed,40142622,RB/FLEX,4000,IND@LAR 09/28/2025 04:05PM ET,IND,0
RB,Ulysses Bentley IV (40142624),Ulysses Bentley IV,40142624,RB/FLEX,4000,IND@LAR 09/28/2025 04:05PM ET,IND,0
RB,Ameer Abdullah (40142626),Ameer Abdullah,40142626,RB/FLEX,4000,IND@LAR 09/28/2025 04:05PM ET,IND,0
RB,DJ Giddens (40142714),DJ Giddens,40142714,RB/FLEX,4000,IND@LAR 09/28/2025 04:05PM ET,IND,1.47
QB,Nick Mullens (40142441),Nick Mullens,40142441,QB,4000,JAX@SF 09/28/2025 04:05PM ET,JAX,0
QB,Seth Henigan (40142442),Seth Henigan,40142442,QB,4000,JAX@SF 09/28/2025 04:05PM ET,JAX,0
QB,Adrian Martinez (40142443),Adrian Martinez,40142443,QB,4000,JAX@SF 09/28/2025 04:05PM ET,SF,0
QB,Kurtis Rourke (40142444),Kurtis Rourke,40142444,QB,4000,JAX@SF 09/28/2025 04:05PM ET,SF,0
RB,LeQuint Allen Jr. (40142600),LeQuint Allen Jr.,40142600,RB/FLEX,4000,JAX@SF 09/28/2025 04:05PM ET,JAX,1.77
RB,Cody Schrader (40142602),Cody Schrader,40142602,RB/FLEX,4000,JAX@SF 09/28/2025 04:05PM ET,JAX,0
RB,Ja'Quinden Jackson (40142604),Ja'Quinden Jackson,40142604,RB/FLEX,4000,JAX@SF 09/28/2025 04:05PM ET,JAX,0
RB,Isaac Guerendo (40142606),Isaac Guerendo,40142606,RB/FLEX,4000,JAX@SF 09/28/2025 04:05PM ET,SF,0
RB,Jordan James (40142608),Jordan James,40142608,RB/FLEX,4000,JAX@SF 09/28/2025 04:05PM ET,SF,0
RB,Patrick Taylor Jr. (40142610),Patrick Taylor Jr.,40142610,RB/FLEX,4000,JAX@SF 09/28/2025 04:05PM ET,SF,0
RB,Kyle Juszczyk (40142612),Kyle Juszczyk,40142612,RB/FLEX,4000,JAX@SF 09/28/2025 04:05PM ET,SF,4.6
RB,Sincere McCormick (40142614),Sincere McCormick,40142614,RB/FLEX,4000,JAX@SF 09/28/2025 04:05PM ET,SF,0
QB,Gardner Minshew II (40142439),Gardner Minshew II,40142439,QB,4000,BAL@KC 09/28/2025 04:25PM ET,KC,0
QB,Chris Oladokun (40142440),Chris Oladokun,40142440,QB,4000,BAL@KC 09/28/2025 04:25PM ET,KC,0
RB,Rasheen Ali (40142582),Rasheen Ali,40142582,RB/FLEX,4000,BAL@KC 09/28/2025 04:25PM ET,BAL,0.17
RB,D'Ernest Johnson (40142584),D'Ernest Johnson,40142584,RB/FLEX,4000,BAL@KC 09/28/2025 04:25PM ET,BAL,0
RB,Lucas Scott (40142586),Lucas Scott,40142586,RB/FLEX,4000,BAL@KC 09/28/2025 04:25PM ET,BAL,0
RB,Patrick Ricard (40142588),Patrick Ricard,40142588,RB/FLEX,4000,BAL@KC 09/28/2025 04:25PM ET,BAL,0
RB,Brashard Smith (40142590),Brashard Smith,40142590,RB/FLEX,4000,BAL@KC 09/28/2025 04:25PM ET,KC,0.5
RB,Elijah Mitchell (40142592),Elijah Mitchell,40142592,RB/FLEX,4000,BAL@KC 09/28/2025 04:25PM ET,KC,0
RB,Keaontay Ingram (40142594),Keaontay Ingram,40142594,RB/FLEX,4000,BAL@KC 09/28/2025 04:25PM ET,KC,0
RB,Clyde Edwards-Helaire (40142596),Clyde Edwards-Helaire,40142596,RB/FLEX,4000,BAL@KC 09/28/2025 04:25PM ET,KC,0
RB,Carson Steele (40142598),Carson Steele,40142598,RB/FLEX,4000,BAL@KC 09/28/2025 04:25PM ET,KC,0
WR,Tyquan Thornton (40142816),Tyquan Thornton,40142816,WR/FLEX,4000,BAL@KC 09/28/2025 04:25PM ET,KC,12.7
QB,Kenny Pickett (40142429),Kenny Pickett,40142429,QB,4000,CHI@LV 09/28/2025 04:25PM ET,LV,0
QB,Aidan O'Connell (40142434),Aidan O'Connell,40142434,QB,4000,CHI@LV 09/28/2025 04:25PM ET,LV,0
QB,Cam Miller (40142435),Cam Miller,40142435,QB,4000,CHI@LV 09/28/2025 04:25PM ET,LV,0
QB,Jeff Driskel (40142436),Jeff Driskel,40142436,QB,4000,CHI@LV 09/28/2025 04:25PM ET,LV,0
QB,Tyson Bagent (40142437),Tyson Bagent,40142437,QB,4000,CHI@LV 09/28/2025 04:25PM ET,CHI,1.78
QB,Case Keenum (40142438),Case Keenum,40142438,QB,4000,CHI@LV 09/28/2025 04:25PM ET,CHI,0
RB,Raheem Mostert (40142566),Raheem Mostert,40142566,RB/FLEX,4000,CHI@LV 09/28/2025 04:25PM ET,LV,0
RB,Dylan Laube (40142570),Dylan Laube,40142570,RB/FLEX,4000,CHI@LV 09/28/2025 04:25PM ET,LV,1.3
RB,Chris Collier (40142572),Chris Collier,40142572,RB/FLEX,4000,CHI@LV 09/28/2025 04:25PM ET,LV,0
RB,Roschon Johnson (40142574),Roschon Johnson,40142574,RB/FLEX,4000,CHI@LV 09/28/2025 04:25PM ET,CHI,0
RB,Travis Homer (40142576),Travis Homer,40142576,RB/FLEX,4000,CHI@LV 09/28/2025 04:25PM ET,CHI,0
RB,Deion Hankins (40142578),Deion Hankins,40142578,RB/FLEX,4000,CHI@LV 09/28/2025 04:25PM ET,CHI,0
RB,Brittain Brown (40142580),Brittain Brown,40142580,RB/FLEX,4000,CHI@LV 09/28/2025 04:25PM ET,CHI,0
WR,Elic Ayomanor (40142820),Elic Ayomanor,40142820,WR/FLEX,3900,TEN@HOU 09/28/2025 01:00PM ET,TEN,10.9
WR,Jayden Higgins (40142822),Jayden Higgins,40142822,WR/FLEX,3900,TEN@HOU 09/28/2025 01:00PM ET,HOU,3.5
TE,Dallas Goedert (40143152),Dallas Goedert,40143152,TE/FLEX,3900,PHI@TB 09/28/2025 01:00PM ET,PHI,10.85
WR,Dont'e Thornton Jr. (40142818),Dont'e Thornton Jr.,40142818,WR/FLEX,3900,CHI@LV 09/28/2025 04:25PM ET,LV,4.8
TE,David Njoku (40143154),David Njoku,40143154,TE/FLEX,3800,CLE@DET 09/28/2025 01:00PM ET,CLE,7.9
WR,DeMario Douglas (40142824),DeMario Douglas,40142824,WR/FLEX,3800,CAR@NE 09/28/2025 01:00PM ET,NE,4.23
WR,Hunter Renfrow (40142826),Hunter Renfrow,40142826,WR/FLEX,3800,CAR@NE 09/28/2025 01:00PM ET,CAR,9.83
WR,JuJu Smith-Schuster (40142828),JuJu Smith-Schuster,40142828,WR/FLEX,3800,BAL@KC 09/28/2025 04:25PM ET,KC,7.17
WR,Ray-Ray McCloud III (40142832),Ray-Ray McCloud III,40142832,WR/FLEX,3700,WAS@ATL 09/28/2025 01:00PM ET,ATL,4.03
DST,Bills  (40143366),Bills ,40143366,DST,3700,NO@BUF 09/28/2025 01:00PM ET,BUF,4
TE,Harold Fannin Jr. (40143156),Harold Fannin Jr.,40143156,TE/FLEX,3700,CLE@DET 09/28/2025 01:00PM ET,CLE,9.63
WR,Darius Slayton (40142834),Darius Slayton,40142834,WR/FLEX,3700,LAC@NYG 09/28/2025 01:00PM ET,NYG,5.03
WR,Kendrick Bourne (40142830),Kendrick Bourne,40142830,WR/FLEX,3700,JAX@SF 09/28/2025 04:05PM ET,SF,7
WR,Parker Washington (40142836),Parker Washington,40142836,WR/FLEX,3700,JAX@SF 09/28/2025 04:05PM ET,JAX,6.67
TE,Kyle Pitts Sr. (40143158),Kyle Pitts Sr.,40143158,TE/FLEX,3600,WAS@ATL 09/28/2025 01:00PM ET,ATL,9.5
WR,Elijah Moore (40142840),Elijah Moore,40142840,WR/FLEX,3600,NO@BUF 09/28/2025 01:00PM ET,BUF,6.3
WR,Brandin Cooks (40142842),Brandin Cooks,40142842,WR/FLEX,3600,NO@BUF 09/28/2025 01:00PM ET,NO,5.2
WR,Jack Bech (40142838),Jack Bech,40142838,WR/FLEX,3600,CHI@LV 09/28/2025 04:25PM ET,LV,1.77
WR,Olamide Zaccheaus (40142844),Olamide Zaccheaus,40142844,WR/FLEX,3600,CHI@LV 09/28/2025 04:25PM ET,CHI,6.3
WR,Isaac TeSlaa (40142850),Isaac TeSlaa,40142850,WR/FLEX,3500,CLE@DET 09/28/2025 01:00PM ET,DET,4.07
DST,Lions  (40143367),Lions ,40143367,DST,3500,CLE@DET 09/28/2025 01:00PM ET,DET,5.33
WR,Tyler Lockett (40142852),Tyler Lockett,40142852,WR/FLEX,3500,TEN@HOU 09/28/2025 01:00PM ET,TEN,3.53
TE,Chig Okonkwo (40143160),Chig Okonkwo,40143160,TE/FLEX,3500,TEN@HOU 09/28/2025 01:00PM ET,TEN,8
WR,Xavier Legette (40142846),Xavier Legette,40142846,WR/FLEX,3500,CAR@NE 09/28/2025 01:00PM ET,CAR,2.4
WR,Demarcus Robinson (40142848),Demarcus Robinson,40142848,WR/FLEX,3500,JAX@SF 09/28/2025 04:05PM ET,SF,0
WR,Luke McCaffrey (40142860),Luke McCaffrey,40142860,WR/FLEX,3400,WAS@ATL 09/28/2025 01:00PM ET,WAS,6.5
WR,Xavier Hutchinson (40142858),Xavier Hutchinson,40142858,WR/FLEX,3400,TEN@HOU 09/28/2025 01:00PM ET,HOU,5
DST,Texans  (40143368),Texans ,40143368,DST,3400,TEN@HOU 09/28/2025 01:00PM ET,HOU,6
WR,Jahan Dotson (40142854),Jahan Dotson,40142854,WR/FLEX,3400,PHI@TB 09/28/2025 01:00PM ET,PHI,4
TE,Cade Otton (40143162),Cade Otton,40143162,TE/FLEX,3400,PHI@TB 09/28/2025 01:00PM ET,TB,1.83
WR,Devontez Walker (40142856),Devontez Walker,40142856,WR/FLEX,3400,BAL@KC 09/28/2025 04:25PM ET,BAL,7
WR,Jaylin Lane (40142868),Jaylin Lane,40142868,WR/FLEX,3300,WAS@ATL 09/28/2025 01:00PM ET,WAS,3.37
TE,Dalton Schultz (40143166),Dalton Schultz,40143166,TE/FLEX,3300,TEN@HOU 09/28/2025 01:00PM ET,HOU,6.87
WR,Mack Hollins (40142862),Mack Hollins,40142862,WR/FLEX,3300,CAR@NE 09/28/2025 01:00PM ET,NE,5.27
DST,Chargers  (40143369),Chargers ,40143369,DST,3300,LAC@NYG 09/28/2025 01:00PM ET,LAC,6
WR,Marquez Valdes-Scantling (40142864),Marquez Valdes-Scantling,40142864,WR/FLEX,3300,JAX@SF 09/28/2025 04:05PM ET,SF,0.63
WR,Jalen Royals (40142866),Jalen Royals,40142866,WR/FLEX,3300,BAL@KC 09/28/2025 04:25PM ET,KC,0
TE,Isaiah Likely (40143164),Isaiah Likely,40143164,TE/FLEX,3300,BAL@KC 09/28/2025 04:25PM ET,BAL,0
WR,Curtis Samuel (40142872),Curtis Samuel,40142872,WR/FLEX,3200,NO@BUF 09/28/2025 01:00PM ET,BUF,0
WR,Kalif Raymond (40142874),Kalif Raymond,40142874,WR/FLEX,3200,CLE@DET 09/28/2025 01:00PM ET,DET,2.77
TE,Ja'Tavion Sanders (40143170),Ja'Tavion Sanders,40143170,TE/FLEX,3200,CAR@NE 09/28/2025 01:00PM ET,CAR,6.73
WR,Tez Johnson (40142870),Tez Johnson,40142870,WR/FLEX,3200,PHI@TB 09/28/2025 01:00PM ET,TB,0
TE,Brenton Strange (40143168),Brenton Strange,40143168,TE/FLEX,3200,JAX@SF 09/28/2025 04:05PM ET,JAX,8.9
DST,49ers  (40143370),49ers ,40143370,DST,3200,JAX@SF 09/28/2025 04:05PM ET,SF,6.33
WR,Tylan Wallace (40142876),Tylan Wallace,40142876,WR/FLEX,3200,BAL@KC 09/28/2025 04:25PM ET,BAL,3.5
WR,Devaughn Vele (40142882),Devaughn Vele,40142882,WR/FLEX,3100,NO@BUF 09/28/2025 01:00PM ET,NO,4.8
WR,Isaiah Bond (40142884),Isaiah Bond,40142884,WR/FLEX,3100,CLE@DET 09/28/2025 01:00PM ET,CLE,2.53
DST,Patriots  (40143371),Patriots ,40143371,DST,3100,CAR@NE 09/28/2025 01:00PM ET,NE,7.33
WR,Ryan Miller (40142880),Ryan Miller,40142880,WR/FLEX,3100,PHI@TB 09/28/2025 01:00PM ET,TB,3
WR,Adonai Mitchell (40142878),Adonai Mitchell,40142878,WR/FLEX,3100,IND@LAR 09/28/2025 04:05PM ET,IND,2.7
TE,Jake Tonges (40143174),Jake Tonges,40143174,TE/FLEX,3100,JAX@SF 09/28/2025 04:05PM ET,SF,7.23
TE,Colston Loveland (40143172),Colston Loveland,40143172,TE/FLEX,3100,CHI@LV 09/28/2025 04:25PM ET,CHI,2.43
WR,Noah Brown (40143110),Noah Brown,40143110,WR/FLEX,3000,WAS@ATL 09/28/2025 01:00PM ET,WAS,3.3
WR,Chris Moore (40143112),Chris Moore,40143112,WR/FLEX,3000,WAS@ATL 09/28/2025 01:00PM ET,WAS,4.45
WR,Tay Martin (40143114),Tay Martin,40143114,WR/FLEX,3000,WAS@ATL 09/28/2025 01:00PM ET,WAS,0
WR,Ja'Corey Brooks (40143116),Ja'Corey Brooks,40143116,WR/FLEX,3000,WAS@ATL 09/28/2025 01:00PM ET,WAS,0
WR,Jacoby Jones (40143118),Jacoby Jones,40143118,WR/FLEX,3000,WAS@ATL 09/28/2025 01:00PM ET,WAS,0
WR,Casey Washington (40143120),Casey Washington,40143120,WR/FLEX,3000,WAS@ATL 09/28/2025 01:00PM ET,ATL,6.3
WR,KhaDarel Hodge (40143122),KhaDarel Hodge,40143122,WR/FLEX,3000,WAS@ATL 09/28/2025 01:00PM ET,ATL,0
WR,Jamal Agnew (40143124),Jamal Agnew,40143124,WR/FLEX,3000,WAS@ATL 09/28/2025 01:00PM ET,ATL,0
WR,David Sills V (40143126),David Sills V,40143126,WR/FLEX,3000,WAS@ATL 09/28/2025 01:00PM ET,ATL,0.63
WR,Chris Blair (40143128),Chris Blair,40143128,WR/FLEX,3000,WAS@ATL 09/28/2025 01:00PM ET,ATL,0
WR,Dylan Drummond (40143130),Dylan Drummond,40143130,WR/FLEX,3000,WAS@ATL 09/28/2025 01:00PM ET,ATL,0
WR,Nick Nash (40143132),Nick Nash,40143132,WR/FLEX,3000,WAS@ATL 09/28/2025 01:00PM ET,ATL,0
DST,Commanders  (40143372),Commanders ,40143372,DST,3000,WAS@ATL 09/28/2025 01:00PM ET,WAS,7.33
WR,Mason Tipton (40143092),Mason Tipton,40143092,WR/FLEX,3000,NO@BUF 09/28/2025 01:00PM ET,NO,0
WR,Trey Palmer (40143094),Trey Palmer,40143094,WR/FLEX,3000,NO@BUF 09/28/2025 01:00PM ET,NO,0
WR,Kevin Austin Jr. (40143096),Kevin Austin Jr.,40143096,WR/FLEX,3000,NO@BUF 09/28/2025 01:00PM ET,NO,0
WR,Ja'Lynn Polk (40143098),Ja'Lynn Polk,40143098,WR/FLEX,3000,NO@BUF 09/28/2025 01:00PM ET,NO,0
WR,Bub Means (40143100),Bub Means,40143100,WR/FLEX,3000,NO@BUF 09/28/2025 01:00PM ET,NO,0
WR,Tommy Mellott (40143102),Tommy Mellott,40143102,WR/FLEX,3000,NO@BUF 09/28/2025 01:00PM ET,NO,0
WR,Tyrell Shavers (40143104),Tyrell Shavers,40143104,WR/FLEX,3000,NO@BUF 09/28/2025 01:00PM ET,BUF,1.47
WR,Stephen Gosnell (40143106),Stephen Gosnell,40143106,WR/FLEX,3000,NO@BUF 09/28/2025 01:00PM ET,BUF,0
WR,Kristian Wilkerson (40143108),Kristian Wilkerson,40143108,WR/FLEX,3000,NO@BUF 09/28/2025 01:00PM ET,BUF,0
WR,Dominic Lovett (40143068),Dominic Lovett,40143068,WR/FLEX,3000,CLE@DET 09/28/2025 01:00PM ET,DET,0
WR,Malik Cunningham (40143070),Malik Cunningham,40143070,WR/FLEX,3000,CLE@DET 09/28/2025 01:00PM ET,DET,0
WR,Tom Kennedy (40143072),Tom Kennedy,40143072,WR/FLEX,3000,CLE@DET 09/28/2025 01:00PM ET,DET,0
WR,Jackson Meeks (40143074),Jackson Meeks,40143074,WR/FLEX,3000,CLE@DET 09/28/2025 01:00PM ET,DET,0
WR,Ronnie Bell (40143076),Ronnie Bell,40143076,WR/FLEX,3000,CLE@DET 09/28/2025 01:00PM ET,DET,0
WR,Jamari Thrash (40143078),Jamari Thrash,40143078,WR/FLEX,3000,CLE@DET 09/28/2025 01:00PM ET,CLE,1.93
WR,DeAndre Carter (40143080),DeAndre Carter,40143080,WR/FLEX,3000,CLE@DET 09/28/2025 01:00PM ET,CLE,0
WR,Kaden Davis (40143082),Kaden Davis,40143082,WR/FLEX,3000,CLE@DET 09/28/2025 01:00PM ET,CLE,0
WR,David Bell (40143084),David Bell,40143084,WR/FLEX,3000,CLE@DET 09/28/2025 01:00PM ET,CLE,0
WR,Cade McDonald (40143086),Cade McDonald,40143086,WR/FLEX,3000,CLE@DET 09/28/2025 01:00PM ET,CLE,0
WR,Gage Larvadain (40143088),Gage Larvadain,40143088,WR/FLEX,3000,CLE@DET 09/28/2025 01:00PM ET,CLE,0
WR,Malachi Corley (40143090),Malachi Corley,40143090,WR/FLEX,3000,CLE@DET 09/28/2025 01:00PM ET,CLE,0
WR,Chimere Dike (40143042),Chimere Dike,40143042,WR/FLEX,3000,TEN@HOU 09/28/2025 01:00PM ET,TEN,2.4
WR,Van Jefferson (40143044),Van Jefferson,40143044,WR/FLEX,3000,TEN@HOU 09/28/2025 01:00PM ET,TEN,1.6
WR,Bryce Oliver (40143046),Bryce Oliver,40143046,WR/FLEX,3000,TEN@HOU 09/28/2025 01:00PM ET,TEN,0.9
WR,Treylon Burks (40143048),Treylon Burks,40143048,WR/FLEX,3000,TEN@HOU 09/28/2025 01:00PM ET,TEN,0
WR,James Proche II (40143050),James Proche II,40143050,WR/FLEX,3000,TEN@HOU 09/28/2025 01:00PM ET,TEN,0
WR,Xavier Restrepo (40143052),Xavier Restrepo,40143052,WR/FLEX,3000,TEN@HOU 09/28/2025 01:00PM ET,TEN,0
WR,Mason Kinsey (40143054),Mason Kinsey,40143054,WR/FLEX,3000,TEN@HOU 09/28/2025 01:00PM ET,TEN,0
WR,Jaylin Noel (40143056),Jaylin Noel,40143056,WR/FLEX,3000,TEN@HOU 09/28/2025 01:00PM ET,HOU,1.03
WR,Braxton Berrios (40143058),Braxton Berrios,40143058,WR/FLEX,3000,TEN@HOU 09/28/2025 01:00PM ET,HOU,0
WR,Tank Dell (40143060),Tank Dell,40143060,WR/FLEX,3000,TEN@HOU 09/28/2025 01:00PM ET,HOU,0
WR,Justin Watson (40143062),Justin Watson,40143062,WR/FLEX,3000,TEN@HOU 09/28/2025 01:00PM ET,HOU,3
WR,Jared Wayne (40143064),Jared Wayne,40143064,WR/FLEX,3000,TEN@HOU 09/28/2025 01:00PM ET,HOU,0
WR,Josh Kelly (40143066),Josh Kelly,40143066,WR/FLEX,3000,TEN@HOU 09/28/2025 01:00PM ET,HOU,0
WR,Kyle Williams (40142888),Kyle Williams,40142888,WR/FLEX,3000,CAR@NE 09/28/2025 01:00PM ET,NE,1.33
WR,David Moore (40143022),David Moore,40143022,WR/FLEX,3000,CAR@NE 09/28/2025 01:00PM ET,CAR,0.5
WR,Brycen Tremayne (40143024),Brycen Tremayne,40143024,WR/FLEX,3000,CAR@NE 09/28/2025 01:00PM ET,CAR,3.77
WR,Jimmy Horn Jr. (40143026),Jimmy Horn Jr.,40143026,WR/FLEX,3000,CAR@NE 09/28/2025 01:00PM ET,CAR,0
WR,Dalevon Campbell (40143028),Dalevon Campbell,40143028,WR/FLEX,3000,CAR@NE 09/28/2025 01:00PM ET,CAR,0
WR,Jalen Coker (40143030),Jalen Coker,40143030,WR/FLEX,3000,CAR@NE 09/28/2025 01:00PM ET,CAR,0
WR,Ja'seem Reed (40143032),Ja'seem Reed,40143032,WR/FLEX,3000,CAR@NE 09/28/2025 01:00PM ET,CAR,0
WR,Ainias Smith (40143034),Ainias Smith,40143034,WR/FLEX,3000,CAR@NE 09/28/2025 01:00PM ET,CAR,0
WR,Efton Chism III (40143036),Efton Chism III,40143036,WR/FLEX,3000,CAR@NE 09/28/2025 01:00PM ET,NE,0
WR,Jeremiah Webb (40143038),Jeremiah Webb,40143038,WR/FLEX,3000,CAR@NE 09/28/2025 01:00PM ET,NE,0
WR,John Jiles (40143040),John Jiles,40143040,WR/FLEX,3000,CAR@NE 09/28/2025 01:00PM ET,NE,0
TE,Austin Hooper (40143180),Austin Hooper,40143180,TE/FLEX,3000,CAR@NE 09/28/2025 01:00PM ET,NE,4.53
WR,Tre' Harris (40142996),Tre' Harris,40142996,WR/FLEX,3000,LAC@NYG 09/28/2025 01:00PM ET,LAC,2.5
WR,Derius Davis (40142998),Derius Davis,40142998,WR/FLEX,3000,LAC@NYG 09/28/2025 01:00PM ET,LAC,-0.17
WR,KeAndre Lambert-Smith (40143000),KeAndre Lambert-Smith,40143000,WR/FLEX,3000,LAC@NYG 09/28/2025 01:00PM ET,LAC,0
WR,Luke Grimm (40143002),Luke Grimm,40143002,WR/FLEX,3000,LAC@NYG 09/28/2025 01:00PM ET,LAC,0
WR,JaQuae Jackson (40143004),JaQuae Jackson,40143004,WR/FLEX,3000,LAC@NYG 09/28/2025 01:00PM ET,LAC,0
WR,Jalin Hyatt (40143006),Jalin Hyatt,40143006,WR/FLEX,3000,LAC@NYG 09/28/2025 01:00PM ET,NYG,0
WR,Beaux Collins (40143008),Beaux Collins,40143008,WR/FLEX,3000,LAC@NYG 09/28/2025 01:00PM ET,NYG,0
WR,Gunner Olszewski (40143010),Gunner Olszewski,40143010,WR/FLEX,3000,LAC@NYG 09/28/2025 01:00PM ET,NYG,0
WR,Bryce Ford-Wheaton (40143012),Bryce Ford-Wheaton,40143012,WR/FLEX,3000,LAC@NYG 09/28/2025 01:00PM ET,NYG,0
WR,Da'Quan Felton (40143014),Da'Quan Felton,40143014,WR/FLEX,3000,LAC@NYG 09/28/2025 01:00PM ET,NYG,0
WR,Lil'Jordan Humphrey (40143016),Lil'Jordan Humphrey,40143016,WR/FLEX,3000,LAC@NYG 09/28/2025 01:00PM ET,NYG,0
WR,Ihmir Smith-Marsette (40143018),Ihmir Smith-Marsette,40143018,WR/FLEX,3000,LAC@NYG 09/28/2025 01:00PM ET,NYG,0
WR,Dalen Cambre (40143020),Dalen Cambre,40143020,WR/FLEX,3000,LAC@NYG 09/28/2025 01:00PM ET,NYG,0
WR,Kameron Johnson (40142974),Kameron Johnson,40142974,WR/FLEX,3000,PHI@TB 09/28/2025 01:00PM ET,TB,0
WR,Jalen McMillan (40142976),Jalen McMillan,40142976,WR/FLEX,3000,PHI@TB 09/28/2025 01:00PM ET,TB,0
WR,Jaden Smith (40142978),Jaden Smith,40142978,WR/FLEX,3000,PHI@TB 09/28/2025 01:00PM ET,TB,0
WR,Garrett Greene (40142980),Garrett Greene,40142980,WR/FLEX,3000,PHI@TB 09/28/2025 01:00PM ET,TB,0
WR,Dennis Houston (40142982),Dennis Houston,40142982,WR/FLEX,3000,PHI@TB 09/28/2025 01:00PM ET,TB,0
WR,Darius Cooper (40142984),Darius Cooper,40142984,WR/FLEX,3000,PHI@TB 09/28/2025 01:00PM ET,PHI,0
WR,John Metchie III (40142986),John Metchie III,40142986,WR/FLEX,3000,PHI@TB 09/28/2025 01:00PM ET,PHI,0.93
WR,Johnny Wilson (40142988),Johnny Wilson,40142988,WR/FLEX,3000,PHI@TB 09/28/2025 01:00PM ET,PHI,0
WR,Javon Baker (40142990),Javon Baker,40142990,WR/FLEX,3000,PHI@TB 09/28/2025 01:00PM ET,PHI,0
WR,Terrace Marshall (40142992),Terrace Marshall,40142992,WR/FLEX,3000,PHI@TB 09/28/2025 01:00PM ET,PHI,0
WR,Britain Covey (40142994),Britain Covey,40142994,WR/FLEX,3000,PHI@TB 09/28/2025 01:00PM ET,PHI,0
DST,Eagles  (40143373),Eagles ,40143373,DST,3000,PHI@TB 09/28/2025 01:00PM ET,PHI,7
WR,Tutu Atwell (40142886),Tutu Atwell,40142886,WR/FLEX,3000,IND@LAR 09/28/2025 04:05PM ET,LAR,0.47
WR,Jordan Whittington (40142952),Jordan Whittington,40142952,WR/FLEX,3000,IND@LAR 09/28/2025 04:05PM ET,LAR,3.37
WR,Konata Mumpfield (40142954),Konata Mumpfield,40142954,WR/FLEX,3000,IND@LAR 09/28/2025 04:05PM ET,LAR,0
WR,Xavier Smith (40142956),Xavier Smith,40142956,WR/FLEX,3000,IND@LAR 09/28/2025 04:05PM ET,LAR,1.53
WR,Tru Edwards (40142958),Tru Edwards,40142958,WR/FLEX,3000,IND@LAR 09/28/2025 04:05PM ET,LAR,0
WR,Brennan Presley (40142960),Brennan Presley,40142960,WR/FLEX,3000,IND@LAR 09/28/2025 04:05PM ET,LAR,0
WR,Ashton Dulin (40142962),Ashton Dulin,40142962,WR/FLEX,3000,IND@LAR 09/28/2025 04:05PM ET,IND,0.5
WR,Anthony Gould (40142964),Anthony Gould,40142964,WR/FLEX,3000,IND@LAR 09/28/2025 04:05PM ET,IND,0
WR,D.J. Montgomery (40142966),D.J. Montgomery,40142966,WR/FLEX,3000,IND@LAR 09/28/2025 04:05PM ET,IND,0
WR,Tyler Scott (40142968),Tyler Scott,40142968,WR/FLEX,3000,IND@LAR 09/28/2025 04:05PM ET,IND,0
WR,Laquon Treadwell (40142970),Laquon Treadwell,40142970,WR/FLEX,3000,IND@LAR 09/28/2025 04:05PM ET,IND,0
WR,Coleman Owen (40142972),Coleman Owen,40142972,WR/FLEX,3000,IND@LAR 09/28/2025 04:05PM ET,IND,0
WR,Tim Patrick (40142926),Tim Patrick,40142926,WR/FLEX,3000,JAX@SF 09/28/2025 04:05PM ET,JAX,0.87
WR,Joshua Cephus (40142928),Joshua Cephus,40142928,WR/FLEX,3000,JAX@SF 09/28/2025 04:05PM ET,JAX,0
WR,Erik Ezukanma (40142930),Erik Ezukanma,40142930,WR/FLEX,3000,JAX@SF 09/28/2025 04:05PM ET,JAX,0
WR,Chandler Brayboy (40142932),Chandler Brayboy,40142932,WR/FLEX,3000,JAX@SF 09/28/2025 04:05PM ET,JAX,0
WR,Austin Trammell (40142934),Austin Trammell,40142934,WR/FLEX,3000,JAX@SF 09/28/2025 04:05PM ET,JAX,0
WR,Skyy Moore (40142936),Skyy Moore,40142936,WR/FLEX,3000,JAX@SF 09/28/2025 04:05PM ET,SF,0.67
WR,Jordan Watkins (40142938),Jordan Watkins,40142938,WR/FLEX,3000,JAX@SF 09/28/2025 04:05PM ET,SF,0
WR,Malik Turner (40142940),Malik Turner,40142940,WR/FLEX,3000,JAX@SF 09/28/2025 04:05PM ET,SF,0
WR,Brandon Aiyuk (40142942),Brandon Aiyuk,40142942,WR/FLEX,3000,JAX@SF 09/28/2025 04:05PM ET,SF,0
WR,Jacob Cowing (40142944),Jacob Cowing,40142944,WR/FLEX,3000,JAX@SF 09/28/2025 04:05PM ET,SF,0
WR,Junior Bergen (40142946),Junior Bergen,40142946,WR/FLEX,3000,JAX@SF 09/28/2025 04:05PM ET,SF,0
WR,Russell Gage Jr. (40142948),Russell Gage Jr.,40142948,WR/FLEX,3000,JAX@SF 09/28/2025 04:05PM ET,SF,0
WR,Trent Taylor (40142950),Trent Taylor,40142950,WR/FLEX,3000,JAX@SF 09/28/2025 04:05PM ET,SF,0
TE,Luke Farrell (40143176),Luke Farrell,40143176,TE/FLEX,3000,JAX@SF 09/28/2025 04:05PM ET,SF,3.63
WR,LaJohntay Wester (40142908),LaJohntay Wester,40142908,WR/FLEX,3000,BAL@KC 09/28/2025 04:25PM ET,BAL,0
WR,Dayton Wade (40142910),Dayton Wade,40142910,WR/FLEX,3000,BAL@KC 09/28/2025 04:25PM ET,BAL,0
WR,Keith Kirkwood (40142912),Keith Kirkwood,40142912,WR/FLEX,3000,BAL@KC 09/28/2025 04:25PM ET,BAL,0
WR,Anthony Miller (40142914),Anthony Miller,40142914,WR/FLEX,3000,BAL@KC 09/28/2025 04:25PM ET,BAL,0
WR,Cornelius Johnson (40142916),Cornelius Johnson,40142916,WR/FLEX,3000,BAL@KC 09/28/2025 04:25PM ET,BAL,0
WR,Jason Brownlee (40142918),Jason Brownlee,40142918,WR/FLEX,3000,BAL@KC 09/28/2025 04:25PM ET,KC,0
WR,Nikko Remigio (40142920),Nikko Remigio,40142920,WR/FLEX,3000,BAL@KC 09/28/2025 04:25PM ET,KC,1.4
WR,Rashee Rice (40142922),Rashee Rice,40142922,WR/FLEX,3000,BAL@KC 09/28/2025 04:25PM ET,KC,0
WR,Jimmy Holiday (40142924),Jimmy Holiday,40142924,WR/FLEX,3000,BAL@KC 09/28/2025 04:25PM ET,KC,0
WR,Justin Shorter (40142890),Justin Shorter,40142890,WR/FLEX,3000,CHI@LV 09/28/2025 04:25PM ET,LV,0
WR,Alex Bachman (40142892),Alex Bachman,40142892,WR/FLEX,3000,CHI@LV 09/28/2025 04:25PM ET,LV,0
WR,Phillip Dorsett II (40142894),Phillip Dorsett II,40142894,WR/FLEX,3000,CHI@LV 09/28/2025 04:25PM ET,LV,0
WR,Shedrick Jackson (40142896),Shedrick Jackson,40142896,WR/FLEX,3000,CHI@LV 09/28/2025 04:25PM ET,LV,0
WR,Devin Duvernay (40142898),Devin Duvernay,40142898,WR/FLEX,3000,CHI@LV 09/28/2025 04:25PM ET,CHI,0
WR,Jahdae Walker (40142900),Jahdae Walker,40142900,WR/FLEX,3000,CHI@LV 09/28/2025 04:25PM ET,CHI,0
WR,Miles Boykin (40142902),Miles Boykin,40142902,WR/FLEX,3000,CHI@LV 09/28/2025 04:25PM ET,CHI,0
WR,JP Richardson (40142904),JP Richardson,40142904,WR/FLEX,3000,CHI@LV 09/28/2025 04:25PM ET,CHI,0
WR,Maurice Alexander (40142906),Maurice Alexander,40142906,WR/FLEX,3000,CHI@LV 09/28/2025 04:25PM ET,CHI,0
TE,Cole Kmet (40143178),Cole Kmet,40143178,TE/FLEX,3000,CHI@LV 09/28/2025 04:25PM ET,CHI,5.67
TE,Brock Wright (40143196),Brock Wright,40143196,TE/FLEX,2900,CLE@DET 09/28/2025 01:00PM ET,DET,3.93
TE,Theo Johnson (40143184),Theo Johnson,40143184,TE/FLEX,2900,LAC@NYG 09/28/2025 01:00PM ET,NYG,3.63
TE,Will Dissly (40143186),Will Dissly,40143186,TE/FLEX,2900,LAC@NYG 09/28/2025 01:00PM ET,LAC,2.25
DST,Rams  (40143374),Rams ,40143374,DST,2900,IND@LAR 09/28/2025 04:05PM ET,LAR,8
DST,Bears  (40143375),Bears ,40143375,DST,2900,CHI@LV 09/28/2025 04:25PM ET,CHI,6
DST,Buccaneers  (40143377),Buccaneers ,40143377,DST,2800,PHI@TB 09/28/2025 01:00PM ET,TB,6.67
TE,Tyler Higbee (40143190),Tyler Higbee,40143190,TE/FLEX,2800,IND@LAR 09/28/2025 04:05PM ET,LAR,2.57
TE,Charlie Kolar (40143188),Charlie Kolar,40143188,TE/FLEX,2800,BAL@KC 09/28/2025 04:25PM ET,BAL,1.4
DST,Chiefs  (40143376),Chiefs ,40143376,DST,2800,BAL@KC 09/28/2025 04:25PM ET,KC,6
TE,Michael Mayer (40143182),Michael Mayer,40143182,TE/FLEX,2800,CHI@LV 09/28/2025 04:25PM ET,LV,3.57
DST,Falcons  (40143378),Falcons ,40143378,DST,2700,WAS@ATL 09/28/2025 01:00PM ET,ATL,8.33
TE,Tommy Tremble (40143198),Tommy Tremble,40143198,TE/FLEX,2700,CAR@NE 09/28/2025 01:00PM ET,CAR,3.27
TE,Tyler Conklin (40143192),Tyler Conklin,40143192,TE/FLEX,2700,LAC@NYG 09/28/2025 01:00PM ET,LAC,2.4
TE,Noah Gray (40143194),Noah Gray,40143194,TE/FLEX,2700,BAL@KC 09/28/2025 04:25PM ET,KC,2.37
DST,Ravens  (40143379),Ravens ,40143379,DST,2700,BAL@KC 09/28/2025 04:25PM ET,BAL,2.67
TE,Jack Stoll (40143200),Jack Stoll,40143200,TE/FLEX,2600,NO@BUF 09/28/2025 01:00PM ET,NO,3.37
TE,Gunnar Helm (40143202),Gunnar Helm,40143202,TE/FLEX,2600,TEN@HOU 09/28/2025 01:00PM ET,TEN,3.73
TE,Oronde Gadsden II (40143204),Oronde Gadsden II,40143204,TE/FLEX,2600,LAC@NYG 09/28/2025 01:00PM ET,LAC,9.6
DST,Colts  (40143381),Colts ,40143381,DST,2600,IND@LAR 09/28/2025 04:05PM ET,IND,9.67
DST,Raiders  (40143380),Raiders ,40143380,DST,2600,CHI@LV 09/28/2025 04:25PM ET,LV,4.67
TE,John Bates (40143346),John Bates,40143346,TE/FLEX,2500,WAS@ATL 09/28/2025 01:00PM ET,WAS,0
TE,Ben Sinnott (40143348),Ben Sinnott,40143348,TE/FLEX,2500,WAS@ATL 09/28/2025 01:00PM ET,WAS,0.57
TE,Colson Yankoff (40143350),Colson Yankoff,40143350,TE/FLEX,2500,WAS@ATL 09/28/2025 01:00PM ET,WAS,0
TE,Tyree Jackson (40143352),Tyree Jackson,40143352,TE/FLEX,2500,WAS@ATL 09/28/2025 01:00PM ET,WAS,0
TE,Lawrence Cager (40143354),Lawrence Cager,40143354,TE/FLEX,2500,WAS@ATL 09/28/2025 01:00PM ET,WAS,0
TE,Tyler Ott (40143356),Tyler Ott,40143356,TE/FLEX,2500,WAS@ATL 09/28/2025 01:00PM ET,WAS,0
TE,Charlie Woerner (40143358),Charlie Woerner,40143358,TE/FLEX,2500,WAS@ATL 09/28/2025 01:00PM ET,ATL,0.17
TE,Teagan Quitoriano (40143360),Teagan Quitoriano,40143360,TE/FLEX,2500,WAS@ATL 09/28/2025 01:00PM ET,ATL,0
TE,Feleipe Franks (40143362),Feleipe Franks,40143362,TE/FLEX,2500,WAS@ATL 09/28/2025 01:00PM ET,ATL,0
TE,Joshua Simon (40143364),Joshua Simon,40143364,TE/FLEX,2500,WAS@ATL 09/28/2025 01:00PM ET,ATL,0
TE,Dawson Knox (40143212),Dawson Knox,40143212,TE/FLEX,2500,NO@BUF 09/28/2025 01:00PM ET,BUF,2.63
TE,Treyton Welch (40143332),Treyton Welch,40143332,TE/FLEX,2500,NO@BUF 09/28/2025 01:00PM ET,NO,0
TE,Taysom Hill (40143334),Taysom Hill,40143334,TE/FLEX,2500,NO@BUF 09/28/2025 01:00PM ET,NO,0
TE,Foster Moreau (40143336),Foster Moreau,40143336,TE/FLEX,2500,NO@BUF 09/28/2025 01:00PM ET,NO,0
TE,Mason Pline (40143338),Mason Pline,40143338,TE/FLEX,2500,NO@BUF 09/28/2025 01:00PM ET,NO,0
TE,Zach Wood (40143340),Zach Wood,40143340,TE/FLEX,2500,NO@BUF 09/28/2025 01:00PM ET,NO,0
TE,Jackson Hawes (40143342),Jackson Hawes,40143342,TE/FLEX,2500,NO@BUF 09/28/2025 01:00PM ET,BUF,4.3
TE,Keleki Latu (40143344),Keleki Latu,40143344,TE/FLEX,2500,NO@BUF 09/28/2025 01:00PM ET,BUF,0
TE,Shane Zylstra (40143320),Shane Zylstra,40143320,TE/FLEX,2500,CLE@DET 09/28/2025 01:00PM ET,DET,0
TE,Kenny Yeboah (40143322),Kenny Yeboah,40143322,TE/FLEX,2500,CLE@DET 09/28/2025 01:00PM ET,DET,0
TE,Zach Horton (40143324),Zach Horton,40143324,TE/FLEX,2500,CLE@DET 09/28/2025 01:00PM ET,DET,0
TE,Ross Dwelley (40143326),Ross Dwelley,40143326,TE/FLEX,2500,CLE@DET 09/28/2025 01:00PM ET,DET,0
TE,Blake Whiteheart (40143328),Blake Whiteheart,40143328,TE/FLEX,2500,CLE@DET 09/28/2025 01:00PM ET,CLE,0
TE,Sal Cannella (40143330),Sal Cannella,40143330,TE/FLEX,2500,CLE@DET 09/28/2025 01:00PM ET,CLE,0
TE,David Martin-Robinson (40143300),David Martin-Robinson,40143300,TE/FLEX,2500,TEN@HOU 09/28/2025 01:00PM ET,TEN,0
TE,Thomas Odukoya (40143302),Thomas Odukoya,40143302,TE/FLEX,2500,TEN@HOU 09/28/2025 01:00PM ET,TEN,0
TE,Joel Wilson (40143304),Joel Wilson,40143304,TE/FLEX,2500,TEN@HOU 09/28/2025 01:00PM ET,TEN,0
TE,Harrison Bryant (40143306),Harrison Bryant,40143306,TE/FLEX,2500,TEN@HOU 09/28/2025 01:00PM ET,HOU,0
TE,Brenden Bates (40143308),Brenden Bates,40143308,TE/FLEX,2500,TEN@HOU 09/28/2025 01:00PM ET,HOU,0
TE,Cade Stover (40143310),Cade Stover,40143310,TE/FLEX,2500,TEN@HOU 09/28/2025 01:00PM ET,HOU,6.2
TE,Brevin Jordan (40143312),Brevin Jordan,40143312,TE/FLEX,2500,TEN@HOU 09/28/2025 01:00PM ET,HOU,0
TE,Irv Smith Jr. (40143314),Irv Smith Jr.,40143314,TE/FLEX,2500,TEN@HOU 09/28/2025 01:00PM ET,HOU,0
TE,Luke Lachey (40143316),Luke Lachey,40143316,TE/FLEX,2500,TEN@HOU 09/28/2025 01:00PM ET,HOU,0
TE,Jakob Johnson (40143318),Jakob Johnson,40143318,TE/FLEX,2500,TEN@HOU 09/28/2025 01:00PM ET,HOU,0
TE,Mitchell Evans (40143292),Mitchell Evans,40143292,TE/FLEX,2500,CAR@NE 09/28/2025 01:00PM ET,CAR,1.27
TE,James Mitchell (40143294),James Mitchell,40143294,TE/FLEX,2500,CAR@NE 09/28/2025 01:00PM ET,CAR,0
TE,Bryce Pierre (40143296),Bryce Pierre,40143296,TE/FLEX,2500,CAR@NE 09/28/2025 01:00PM ET,CAR,0
TE,CJ Dippre (40143298),CJ Dippre,40143298,TE/FLEX,2500,CAR@NE 09/28/2025 01:00PM ET,NE,0
DST,Panthers  (40143382),Panthers ,40143382,DST,2500,CAR@NE 09/28/2025 01:00PM ET,CAR,9
TE,Tucker Fisk (40143282),Tucker Fisk,40143282,TE/FLEX,2500,LAC@NYG 09/28/2025 01:00PM ET,LAC,0
TE,Thomas Yassmin (40143284),Thomas Yassmin,40143284,TE/FLEX,2500,LAC@NYG 09/28/2025 01:00PM ET,LAC,0
TE,Daniel Bellinger (40143286),Daniel Bellinger,40143286,TE/FLEX,2500,LAC@NYG 09/28/2025 01:00PM ET,NYG,1.33
TE,Chris Manhertz (40143288),Chris Manhertz,40143288,TE/FLEX,2500,LAC@NYG 09/28/2025 01:00PM ET,NYG,0.57
TE,Thomas Fidone II (40143290),Thomas Fidone II,40143290,TE/FLEX,2500,LAC@NYG 09/28/2025 01:00PM ET,NYG,0
TE,Grant Calcaterra (40143208),Grant Calcaterra,40143208,TE/FLEX,2500,PHI@TB 09/28/2025 01:00PM ET,PHI,0.53
TE,Payne Durham (40143210),Payne Durham,40143210,TE/FLEX,2500,PHI@TB 09/28/2025 01:00PM ET,TB,0
TE,Ko Kieft (40143268),Ko Kieft,40143268,TE/FLEX,2500,PHI@TB 09/28/2025 01:00PM ET,TB,0
TE,Devin Culp (40143270),Devin Culp,40143270,TE/FLEX,2500,PHI@TB 09/28/2025 01:00PM ET,TB,0
TE,Tanner Taula (40143272),Tanner Taula,40143272,TE/FLEX,2500,PHI@TB 09/28/2025 01:00PM ET,TB,0
TE,Evan Deckers (40143274),Evan Deckers,40143274,TE/FLEX,2500,PHI@TB 09/28/2025 01:00PM ET,TB,0
TE,Kylen Granson (40143276),Kylen Granson,40143276,TE/FLEX,2500,PHI@TB 09/28/2025 01:00PM ET,PHI,0.87
TE,Cameron Latu (40143278),Cameron Latu,40143278,TE/FLEX,2500,PHI@TB 09/28/2025 01:00PM ET,PHI,0
TE,E.J. Jenkins (40143280),E.J. Jenkins,40143280,TE/FLEX,2500,PHI@TB 09/28/2025 01:00PM ET,PHI,0
TE,Davis Allen (40143206),Davis Allen,40143206,TE/FLEX,2500,IND@LAR 09/28/2025 04:05PM ET,LAR,5.8
TE,Colby Parkinson (40143252),Colby Parkinson,40143252,TE/FLEX,2500,IND@LAR 09/28/2025 04:05PM ET,LAR,0.2
TE,Terrance Ferguson (40143254),Terrance Ferguson,40143254,TE/FLEX,2500,IND@LAR 09/28/2025 04:05PM ET,LAR,0
TE,Mark Redman (40143256),Mark Redman,40143256,TE/FLEX,2500,IND@LAR 09/28/2025 04:05PM ET,LAR,0
TE,Mo Alie-Cox (40143258),Mo Alie-Cox,40143258,TE/FLEX,2500,IND@LAR 09/28/2025 04:05PM ET,IND,1.6
TE,Drew Ogletree (40143260),Drew Ogletree,40143260,TE/FLEX,2500,IND@LAR 09/28/2025 04:05PM ET,IND,0
TE,Will Mallory (40143262),Will Mallory,40143262,TE/FLEX,2500,IND@LAR 09/28/2025 04:05PM ET,IND,0
TE,Sean McKeon (40143264),Sean McKeon,40143264,TE/FLEX,2500,IND@LAR 09/28/2025 04:05PM ET,IND,0
TE,Maximilian Mang (40143266),Maximilian Mang,40143266,TE/FLEX,2500,IND@LAR 09/28/2025 04:05PM ET,IND,0
TE,Johnny Mundt (40143238),Johnny Mundt,40143238,TE/FLEX,2500,JAX@SF 09/28/2025 04:05PM ET,JAX,0.57
TE,Hunter Long (40143240),Hunter Long,40143240,TE/FLEX,2500,JAX@SF 09/28/2025 04:05PM ET,JAX,3.6
TE,Quintin Morris (40143242),Quintin Morris,40143242,TE/FLEX,2500,JAX@SF 09/28/2025 04:05PM ET,JAX,0
TE,Patrick Herbert (40143244),Patrick Herbert,40143244,TE/FLEX,2500,JAX@SF 09/28/2025 04:05PM ET,JAX,0
TE,Brayden Willis (40143246),Brayden Willis,40143246,TE/FLEX,2500,JAX@SF 09/28/2025 04:05PM ET,SF,0
TE,George Kittle (40143248),George Kittle,40143248,TE/FLEX,2500,JAX@SF 09/28/2025 04:05PM ET,SF,12.5
TE,Messiah Swinson (40143250),Messiah Swinson,40143250,TE/FLEX,2500,JAX@SF 09/28/2025 04:05PM ET,SF,0
DST,Jaguars  (40143383),Jaguars ,40143383,DST,2500,JAX@SF 09/28/2025 04:05PM ET,JAX,10.33
TE,Zaire Mitchell-Paden (40143226),Zaire Mitchell-Paden,40143226,TE/FLEX,2500,BAL@KC 09/28/2025 04:25PM ET,BAL,0
TE,Robert Tonyan (40143228),Robert Tonyan,40143228,TE/FLEX,2500,BAL@KC 09/28/2025 04:25PM ET,KC,0
TE,Jared Wiley (40143230),Jared Wiley,40143230,TE/FLEX,2500,BAL@KC 09/28/2025 04:25PM ET,KC,0
TE,Jake Briningstool (40143232),Jake Briningstool,40143232,TE/FLEX,2500,BAL@KC 09/28/2025 04:25PM ET,KC,0
TE,Tre Watson (40143234),Tre Watson,40143234,TE/FLEX,2500,BAL@KC 09/28/2025 04:25PM ET,KC,0
TE,James Winchester (40143236),James Winchester,40143236,TE/FLEX,2500,BAL@KC 09/28/2025 04:25PM ET,KC,0
TE,Ian Thomas (40143214),Ian Thomas,40143214,TE/FLEX,2500,CHI@LV 09/28/2025 04:25PM ET,LV,0
TE,Albert Okwuegbunam Jr. (40143216),Albert Okwuegbunam Jr.,40143216,TE/FLEX,2500,CHI@LV 09/28/2025 04:25PM ET,LV,0
TE,Carter Runyon (40143218),Carter Runyon,40143218,TE/FLEX,2500,CHI@LV 09/28/2025 04:25PM ET,LV,0
TE,Durham Smythe (40143220),Durham Smythe,40143220,TE/FLEX,2500,CHI@LV 09/28/2025 04:25PM ET,CHI,0
TE,Stephen Carlson (40143222),Stephen Carlson,40143222,TE/FLEX,2500,CHI@LV 09/28/2025 04:25PM ET,CHI,0
TE,Nikola Kalinic (40143224),Nikola Kalinic,40143224,TE/FLEX,2500,CHI@LV 09/28/2025 04:25PM ET,CHI,0
DST,Giants  (40143384),Giants ,40143384,DST,2400,LAC@NYG 09/28/2025 01:00PM ET,NYG,2
DST,Titans  (40143385),Titans ,40143385,DST,2300,TEN@HOU 09/28/2025 01:00PM ET,TEN,3.33
DST,Browns  (40143386),Browns ,40143386,DST,2200,CLE@DET 09/28/2025 01:00PM ET,CLE,5.33
DST,Saints  (40143387),Saints ,40143387,DST,2000,NO@BUF 09/28/2025 01:00PM ET,NO,3.67
