Id,Name,Position,Team,ProjPts,ProjOwn
40143369,Los Angeles Chargers,DST,Chargers,8.30,4.90
40143376,Kansas City Chiefs,DST,Chiefs,5.20,1.60
40143380,Las Vegas Raiders,DST,Raiders,3.60,4.00
40143366,Buffalo Bills,DST,Bills,9.30,6.80
40143371,New England Patriots,DST,Patriots,7.70,6.50
40143381,Indianapolis Colts,DST,Colts,5.90,1.00
40143383,Jacksonville Jaguars,DST,Jaguars,5.40,3.10
40143368,Houston Texans,DST,Texans,8.70,14.00
40143385,Tennessee Titans,DST,Titans,6.40,12.40
40143386,Cleveland Browns,DST,Browns,6.30,2.70
40143379,Baltimore Ravens,DST,Ravens,6.60,3.50
40143377,Tampa Bay Buccaneers,DST,Buccaneers,4.90,2.50
40143378,Atlanta Falcons,DST,Falcons,5.50,6.00
40143382,Carolina Panthers,DST,Panthers,5.10,3.60
40143387,New Orleans Saints,DST,Saints,3.40,1.90
40143370,San Francisco 49ers,DST,49ers,7.20,2.00
40143374,Los Angeles Rams,DST,Rams,6.20,1.90
40143372,Washington Commanders,DST,Commanders,7.00,1.90
40143373,Philadelphia Eagles,DST,Eagles,7.40,5.90
40143384,New York Giants,DST,Giants,4.60,3.30
40143375,Chicago Bears,DST,Bears,6.30,2.20
40143367,Detroit Lions,DST,Lions,9.10,8.30
40142412,Russell Wilson,QB,Giants,3.10,0.00
40143216,Albert Okwuegbunam Jr.,TE,Raiders,4.00,0.00
40142780,Jerry Jeudy,WR,Browns,11.20,3.90
40142768,Keenan Allen,WR,Chargers,14.30,9.70
40142804,Joshua Palmer,WR,Bills,8.30,1.00
40143080,DeAndre Carter,WR,Browns,3.40,0.00
40142469,Easton Stick,QB,Falcons,0.00,0.00
40142702,Austin Ekeler,RB,Commanders,0.00,0.00
40142400,Justin Herbert,QB,Chargers,21.90,6.60
40142402,Patrick Mahomes,QB,Chiefs,20.80,4.70
40142936,Skyy Moore,WR,49ers,4.10,0.00
40142516,Isiah Pacheco,RB,Chiefs,11.10,1.20
40142596,Clyde Edwards-Helaire,RB,Chiefs,0.00,0.00
40142828,JuJu Smith-Schuster,WR,Chiefs,7.70,0.30
40143062,Justin Watson,WR,Texans,0.00,0.00
40143136,Travis Kelce,TE,Chiefs,11.30,2.30
40143194,Noah Gray,TE,Chiefs,5.70,1.10
40142465,Shane Buechele,QB,Bills,0.00,0.00
40142864,Marquez Valdes-Scantling,WR,49ers,4.30,0.00
40142826,Hunter Renfrow,WR,Panthers,9.10,1.50
40142580,Brittain Brown,RB,Bears,0.00,0.00
40142556,Zamir White,RB,Raiders,6.90,0.00
40142862,Mack Hollins,WR,Patriots,6.60,0.40
40143336,Foster Moreau,TE,Saints,0.00,0.00
40142626,Ameer Abdullah,RB,Colts,0.00,0.00
40142736,Davante Adams,WR,Rams,17.00,13.00
40142766,Khalil Shakir,WR,Bills,12.20,2.30
40142438,Case Keenum,QB,Bears,0.00,0.00
40142394,Josh Allen,QB,Bills,24.20,5.00
40143212,Dawson Knox,TE,Bills,4.80,0.70
40142796,Stefon Diggs,WR,Patriots,10.10,2.70
40142540,Devin Singletary,RB,Giants,7.60,0.30
40142482,James Cook III,RB,Bills,18.90,21.00
40143242,Quintin Morris,TE,Jaguars,3.70,0.00
40142622,Salvon Ahmed,RB,Colts,0.00,0.00
40142930,Erik Ezukanma,WR,Jaguars,0.00,0.00
40143220,Durham Smythe,TE,Bears,4.60,0.00
40142566,Raheem Mostert,RB,Raiders,0.00,0.00
40142433,Teddy Bridgewater,QB,Buccaneers,0.00,0.00
40142704,Chase Edmonds,RB,Commanders,0.00,0.00
40143240,Hunter Long,TE,Jaguars,4.50,0.00
40143058,Braxton Berrios,WR,Texans,0.00,0.00
40143354,Lawrence Cager,TE,Commanders,0.00,0.00
40142417,Joe Flacco,QB,Browns,14.30,1.00
40142696,Ty Johnson,RB,Bills,7.70,0.20
40142840,Elijah Moore,WR,Bills,7.10,0.10
40143192,Tyler Conklin,TE,Chargers,4.70,0.10
40142461,Bailey Zappe,QB,Browns,0.00,0.00
40142410,Mac Jones,QB,49ers,7.60,0.00
40142830,Kendrick Bourne,WR,49ers,7.90,0.40
40142514,Rhamondre Stevenson,RB,Patriots,11.40,0.90
40143150,Hunter Henry,TE,Patriots,12.10,14.30
40142762,Jakobi Meyers,WR,Raiders,15.60,23.40
40143016,Lil'Jordan Humphrey,WR,Giants,0.00,0.00
40142774,Michael Pittman Jr.,WR,Colts,13.50,7.50
40143258,Mo Alie-Cox,TE,Colts,4.20,0.00
40142478,Jonathan Taylor,RB,Colts,17.40,18.60
40142798,Alec Pierce,WR,Colts,0.00,0.00
40143276,Kylen Granson,TE,Eagles,4.30,0.00
40142962,Ashton Dulin,WR,Colts,3.90,0.00
40142459,C.J. Beathard,QB,Lions,0.00,0.00
40143288,Chris Manhertz,TE,Giants,3.80,0.00
40143176,Luke Farrell,TE,49ers,4.90,0.10
40142496,Travis Etienne Jr.,RB,Jaguars,13.60,4.70
40142409,Trevor Lawrence,QB,Jaguars,14.80,2.90
40143124,Jamal Agnew,WR,Falcons,2.60,0.00
40142800,Christian Kirk,WR,Texans,10.10,3.30
40143112,Chris Moore,WR,Commanders,6.60,1.30
40142672,Dare Ogunbowale,RB,Texans,5.10,0.00
40142436,Jeff Driskel,QB,Raiders,0.00,0.00
40142564,Dameon Pierce,RB,Texans,3.60,0.00
40142431,Davis Mills,QB,Texans,0.00,0.00
40143312,Brevin Jordan,TE,Texans,0.00,0.00
40142842,Brandin Cooks,WR,Saints,7.00,0.10
40142718,Nico Collins,WR,Texans,16.60,8.20
40142894,Phillip Dorsett II,WR,Raiders,0.00,0.00
40142420,Kyle Allen,QB,Lions,0.00,0.00
40143160,Chig Okonkwo,TE,Titans,7.50,3.70
40143048,Treylon Burks,WR,Titans,0.00,0.00
40142664,Julius Chestnut,RB,Titans,4.90,0.00
40142480,Derrick Henry,RB,Ravens,16.00,5.70
40143180,Austin Hooper,TE,Patriots,5.00,0.80
40142544,Hassan Haskins,RB,Chargers,5.70,0.00
40142950,Trent Taylor,WR,49ers,0.00,0.00
40142676,Joe Mixon,RB,Texans,0.00,0.00
40142455,Brandon Allen,QB,Titans,0.00,0.00
40142526,Kareem Hunt,RB,Chiefs,10.50,0.50
40142453,Joshua Dobbs,QB,Patriots,1.70,0.00
40143084,David Bell,WR,Browns,0.00,0.00
40142512,Nick Chubb,RB,Texans,11.50,3.50
40143154,David Njoku,TE,Browns,9.60,4.60
40142534,Jerome Ford,RB,Browns,7.90,0.10
40142584,D'Ernest Johnson,RB,Ravens,0.00,0.00
40143306,Harrison Bryant,TE,Texans,4.40,0.10
40143144,Mark Andrews,TE,Ravens,9.70,3.20
40142876,Tylan Wallace,WR,Ravens,5.00,0.10
40142848,Demarcus Robinson,WR,49ers,5.10,0.20
40142528,Justice Hill,RB,Ravens,9.40,0.40
40142424,Tyler Huntley,QB,Ravens,0.00,0.00
40143050,James Proche II,WR,Titans,0.00,0.00
40142898,Devin Duvernay,WR,Bears,3.20,0.00
40142784,Rashod Bateman,WR,Ravens,9.00,1.00
40142395,Lamar Jackson,QB,Ravens,22.60,4.00
40143164,Isaiah Likely,TE,Ravens,4.70,0.00
40142562,Najee Harris,RB,Chargers,0.00,0.00
40143010,Gunner Olszewski,WR,Giants,3.30,0.00
40142464,Mitchell Trubisky,QB,Bills,2.80,0.00
40142902,Miles Boykin,WR,Bears,0.00,0.00
40142429,Kenny Pickett,QB,Raiders,0.00,0.00
40142948,Russell Gage Jr.,WR,49ers,3.50,0.00
40142522,Rachaad White,RB,Buccaneers,9.50,0.20
40142742,Chris Godwin Jr.,WR,Buccaneers,5.80,0.60
40142728,Mike Evans,WR,Buccaneers,0.00,0.00
40143162,Cade Otton,TE,Buccaneers,7.10,1.60
40143268,Ko Kieft,TE,Buccaneers,3.90,0.00
40143158,Kyle Pitts Sr.,TE,Falcons,10.10,5.50
40142750,Drake London,WR,Falcons,16.80,16.60
40143122,KhaDarel Hodge,WR,Falcons,0.00,0.00
40143362,Feleipe Franks,TE,Falcons,0.00,0.00
40142413,Marcus Mariota,QB,Commanders,15.40,6.50
40142844,Olamide Zaccheaus,WR,Bears,8.30,0.80
40142530,Tyler Allgeier,RB,Falcons,9.60,0.60
40142398,Baker Mayfield,QB,Buccaneers,15.70,1.00
40142492,Chuba Hubbard,RB,Panthers,14.30,4.30
40142992,Terrace Marshall,WR,Eagles,0.00,0.00
40143198,Tommy Tremble,TE,Panthers,5.30,1.00
40142756,DJ Moore,WR,Bears,13.00,4.20
40143214,Ian Thomas,TE,Raiders,4.70,0.10
40142470,Christian McCaffrey,RB,49ers,23.50,32.00
40143146,Juwan Johnson,TE,Saints,11.20,7.10
40142772,Chris Olave,WR,Saints,14.20,18.50
40143334,Taysom Hill,TE,Saints,0.00,0.00
40142421,Andy Dalton,QB,Panthers,0.00,0.00
40142490,Alvin Kamara,RB,Saints,14.30,5.60
40142430,Jameis Winston,QB,Giants,0.00,0.00
40143248,George Kittle,TE,49ers,0.00,0.00
40142776,Jauan Jennings,WR,49ers,11.00,7.80
40142422,Jimmy Garoppolo,QB,Rams,2.00,0.00
40143358,Charlie Woerner,TE,Falcons,4.90,0.00
40142740,Deebo Samuel,WR,Commanders,13.40,7.70
40142432,Trey Lance,QB,Chargers,0.00,0.00
40143326,Ross Dwelley,TE,Lions,3.90,0.00
40142940,Malik Turner,WR,49ers,0.00,0.00
40142942,Brandon Aiyuk,WR,49ers,0.00,0.00
40142401,Brock Purdy,QB,49ers,21.00,2.40
40142832,Ray-Ray McCloud III,WR,Falcons,7.40,0.40
40142594,Keaontay Ingram,RB,Chiefs,0.00,0.00
40143148,Zach Ertz,TE,Commanders,9.70,6.00
40142770,Marquise Brown,WR,Chiefs,10.60,2.70
40143190,Tyler Higbee,TE,Rams,5.40,0.70
40142886,Tutu Atwell,WR,Rams,5.50,0.10
40143044,Van Jefferson,WR,Titans,4.40,0.00
40142403,Matthew Stafford,QB,Rams,17.40,7.00
40143252,Colby Parkinson,TE,Rams,4.40,0.00
40143186,Will Dissly,TE,Chargers,0.00,0.00
40142652,DeeJay Dallas,RB,Panthers,0.00,0.00
40142576,Travis Homer,RB,Bears,0.00,0.00
40142407,Geno Smith,QB,Raiders,19.80,12.40
40142852,Tyler Lockett,WR,Titans,5.20,0.00
40142810,Dyami Brown,WR,Jaguars,7.00,1.50
40143346,John Bates,TE,Commanders,0.00,0.00
40142872,Curtis Samuel,WR,Bills,0.00,0.00
40142449,Sam Howell,QB,Eagles,0.00,0.00
40142758,Terry McLaurin,WR,Commanders,0.00,0.00
40142532,Antonio Gibson,RB,Patriots,7.70,0.00
40142854,Jahan Dotson,WR,Eagles,6.40,0.10
40142982,Dennis Houston,WR,Buccaneers,0.00,0.00
40142500,Tony Pollard,RB,Titans,11.70,5.70
40143110,Noah Brown,WR,Commanders,0.00,0.00
40142423,Cooper Rush,QB,Ravens,0.60,0.00
40143166,Dalton Schultz,TE,Texans,8.40,2.60
40142538,Rico Dowdle,RB,Panthers,8.90,0.30
40143200,Jack Stoll,TE,Saints,4.10,0.00
40142764,DeVonta Smith,WR,Eagles,13.60,5.50
40142397,Jalen Hurts,QB,Eagles,22.50,5.80
40142732,A.J. Brown,WR,Eagles,15.80,9.10
40142439,Gardner Minshew,QB,Chiefs,0.00,0.00
40143152,Dallas Goedert,TE,Eagles,9.90,2.60
40143208,Grant Calcaterra,TE,Eagles,4.30,0.00
40142405,Daniel Jones,QB,Colts,20.40,8.80
40142814,Sterling Shepard,WR,Buccaneers,8.90,1.50
40143286,Daniel Bellinger,TE,Giants,4.60,0.00
40142778,Wan'Dale Robinson,WR,Giants,10.90,3.00
40142834,Darius Slayton,WR,Giants,7.50,0.40
40143126,David Sills V,WR,Falcons,0.00,0.00
40142476,Saquon Barkley,RB,Eagles,16.60,10.80
40143178,Cole Kmet,TE,Bears,6.90,5.40
40142498,David Montgomery,RB,Lions,12.10,2.10
40142694,Velus Jones Jr.,RB,Saints,2.70,0.00
40143018,Ihmir Smith-Marsette,WR,Giants,0.00,0.00
40142786,Darnell Mooney,WR,Falcons,10.40,2.80
40142457,Trevor Siemian,QB,Titans,0.00,0.00
40143320,Shane Zylstra,TE,Lions,0.00,0.00
40142680,Craig Reynolds,RB,Lions,3.80,0.00
40142720,Amon-Ra St. Brown,WR,Lions,21.30,12.20
40143196,Brock Wright,TE,Lions,4.40,0.00
40142399,Jared Goff,QB,Lions,17.40,1.20
40142506,D'Andre Swift,RB,Bears,12.00,7.60
40142874,Kalif Raymond,WR,Lions,5.50,0.00
40143294,James Mitchell,TE,Panthers,4.10,0.00
40143228,Robert Tonyan,TE,Chiefs,4.30,0.00
40142632,A.J. Dillon,RB,Eagles,4.70,0.00
40143238,Johnny Mundt,TE,Jaguars,4.30,0.00
40142441,Nick Mullens,QB,Jaguars,0.00,0.00
40142418,Kirk Cousins,QB,Falcons,1.30,0.00
40143314,Irv Smith Jr.,TE,Texans,0.00,0.00
40142926,Tim Patrick,WR,Jaguars,4.70,0.00
40142466,Josh Johnson,QB,Commanders,0.00,0.00
40142440,Chris Oladokun,QB,Chiefs,0.00,0.00
40142614,Sincere McCormick,RB,49ers,3.90,0.00
40143322,Kenny Yeboah,TE,Lions,0.00,0.00
40142970,Laquon Treadwell,WR,Colts,0.00,0.00
40142816,Tyquan Thornton,WR,Chiefs,9.00,1.00
40143108,Kristian Wilkerson,WR,Bills,0.00,0.00
40143260,Drew Ogletree,TE,Colts,3.90,0.00
40143224,Nikola Kalinic,TE,Bears,0.00,0.00
40143096,Kevin Austin Jr.,WR,Saints,3.50,0.00
40143360,Teagan Quitoriano,TE,Falcons,3.90,0.00
40142986,John Metchie III,WR,Eagles,4.20,0.00
40143302,Thomas Odukoya,TE,Titans,0.00,0.00
40143054,Mason Kinsey,WR,Titans,0.00,0.00
40142460,Deshaun Watson,QB,Browns,0.00,0.00
40143226,Zaire Mitchell-Paden,TE,Ravens,4.00,0.00
40143188,Charlie Kolar,TE,Ravens,4.10,0.00
40142520,Jeremy McNichols,RB,Commanders,7.80,0.10
40142914,Anthony Miller,WR,Ravens,0.00,0.00
40143282,Tucker Fisk,TE,Chargers,4.20,0.00
40142782,Calvin Ridley,WR,Titans,10.80,2.60
40142792,Rashid Shaheed,WR,Saints,9.30,1.50
40142592,Elijah Mitchell,RB,Chiefs,0.00,0.00
40143114,Tay Martin,WR,Commanders,3.10,0.00
40142794,DeAndre Hopkins,WR,Ravens,7.90,0.10
40142486,Kyren Williams,RB,Rams,14.40,15.30
40142618,Ronnie Rivers,RB,Rams,0.00,0.00
40142934,Austin Trammell,WR,Jaguars,2.80,0.00
40142536,Brian Robinson Jr.,RB,49ers,8.10,0.10
40143264,Sean McKeon,TE,Colts,0.00,0.00
40143352,Tyree Jackson,TE,Commanders,0.00,0.00
40142994,Britain Covey,WR,Eagles,0.00,0.00
40143022,David Moore,WR,Panthers,5.30,0.90
40142744,Jameson Williams,WR,Lions,12.30,1.50
40143072,Tom Kennedy,WR,Lions,0.00,0.00
40142620,Tyler Goodson,RB,Colts,4.60,0.00
40142610,Patrick Taylor Jr.,RB,49ers,0.00,0.00
40143318,Jakob Johnson,TE,Texans,3.70,0.00
40142698,Reggie Gilliam,RB,Bills,3.90,0.00
40142588,Patrick Ricard,RB,Ravens,0.00,0.00
40142612,Kyle Juszczyk,RB,49ers,5.30,0.00
40143174,Jake Tonges,TE,49ers,7.70,2.20
40142906,Maurice Alexander,WR,Bears,0.00,0.00
40143356,Tyler Ott,TE,Commanders,0.00,0.00
40143340,Zach Wood,TE,Saints,0.00,0.00
40143236,James Winchester,TE,Chiefs,0.00,0.00
40142912,Keith Kirkwood,WR,Ravens,0.00,0.00
40143082,Kaden Davis,WR,Browns,0.00,0.00
40142892,Alex Bachman,WR,Raiders,2.90,0.00
40143222,Stephen Carlson,TE,Bears,4.10,0.00
40143128,Chris Blair,WR,Falcons,0.00,0.00
40142966,D.J. Montgomery,WR,Colts,0.00,0.00
40142806,Cedric Tillman,WR,Browns,10.40,2.10
40142918,Jason Brownlee,WR,Chiefs,2.80,0.00
40143070,Malik Cunningham,WR,Lions,0.00,0.00
40142408,C.J. Stroud,QB,Texans,15.90,2.60
40142858,Xavier Hutchinson,WR,Texans,5.80,0.20
40142802,Kayshon Boutte,WR,Patriots,9.20,0.90
40143064,Jared Wayne,WR,Texans,0.00,0.00
40142824,DeMario Douglas,WR,Patriots,8.50,0.50
40143060,Tank Dell,WR,Texans,0.00,0.00
40142428,Anthony Richardson Sr.,QB,Colts,2.30,0.00
40142726,Zay Flowers,WR,Ravens,15.60,7.60
40142560,Kendre Miller,RB,Saints,7.10,0.00
40142998,Derius Davis,WR,Chargers,3.20,0.00
40142760,Quentin Johnston,WR,Chargers,13.90,7.80
40142656,Deneric Prince,RB,Patriots,0.00,0.00
40142920,Nikko Remigio,WR,Chiefs,3.50,0.00
40142922,Rashee Rice,WR,Chiefs,0.00,0.00
40143182,Michael Mayer,TE,Raiders,0.00,0.00
40142434,Aidan O'Connell,QB,Raiders,0.00,0.00
40142808,Tre Tucker,WR,Raiders,10.60,14.60
40143104,Tyrell Shavers,WR,Bills,4.60,0.00
40142890,Justin Shorter,WR,Raiders,0.00,0.00
40142670,Jordan Mims,RB,Titans,4.40,0.00
40143140,Dalton Kincaid,TE,Bills,11.30,3.70
40143280,E.J. Jenkins,TE,Eagles,0.00,0.00
40143262,Will Mallory,TE,Colts,0.00,0.00
40142812,Josh Downs,WR,Colts,10.40,5.50
40142558,Tank Bigsby,RB,Eagles,3.60,0.00
40143168,Brenton Strange,TE,Jaguars,9.40,4.30
40142836,Parker Washington,WR,Jaguars,8.40,0.60
40142456,Will Levis,QB,Titans,0.00,0.00
40142668,Tyjae Spears,RB,Titans,0.00,0.00
40142896,Shedrick Jackson,WR,Raiders,0.00,0.00
40142684,Jacob Saylors,RB,Lions,3.80,0.00
40142554,Keaton Mitchell,RB,Ravens,3.60,0.00
40143272,Tanner Taula,TE,Buccaneers,0.00,0.00
40142628,Sean Tucker,RB,Buccaneers,3.80,0.00
40143094,Trey Palmer,WR,Saints,2.60,0.00
40143210,Payne Durham,TE,Buccaneers,4.00,0.00
40142880,Ryan Miller,WR,Buccaneers,4.40,0.10
40142710,Carlos Washington Jr.,RB,Falcons,3.80,0.00
40142472,Bijan Robinson,RB,Falcons,22.00,15.80
40142414,Bryce Young,QB,Panthers,14.30,1.10
40142463,Jake Haener,QB,Saints,0.00,0.00
40143278,Cameron Latu,TE,Eagles,3.80,0.00
40143246,Brayden Willis,TE,49ers,4.10,0.00
40143076,Ronnie Bell,WR,Lions,0.00,0.00
40143328,Blake Whiteheart,TE,Browns,3.80,0.00
40143206,Davis Allen,TE,Rams,4.40,0.10
40142716,Puka Nacua,WR,Rams,20.00,38.40
40142956,Xavier Smith,WR,Rams,3.80,0.00
40142445,Stetson Bennett IV,QB,Rams,0.00,0.00
40143024,Brycen Tremayne,WR,Panthers,4.90,0.00
40142552,Chris Rodriguez Jr.,RB,Commanders,8.90,0.60
40142448,Tanner McKee,QB,Eagles,0.00,0.00
40142454,Tommy DeVito,QB,Patriots,0.00,0.00
40142644,Eric Gray,RB,Giants,0.00,0.00
40143006,Jalin Hyatt,WR,Giants,4.00,0.00
40143012,Bryce Ford-Wheaton,WR,Giants,0.00,0.00
40142968,Tyler Scott,WR,Colts,0.00,0.00
40142437,Tyson Bagent,QB,Bears,1.10,0.00
40142574,Roschon Johnson,RB,Bears,4.10,0.00
40142452,Hendon Hooker,QB,Panthers,0.00,0.00
40143142,Sam LaPorta,TE,Lions,11.20,4.00
40143130,Dylan Drummond,WR,Falcons,0.00,0.00
40142443,Adrian Martinez,QB,49ers,0.00,0.00
40142474,Jahmyr Gibbs,RB,Lions,17.60,12.10
40142634,Ben VanSumeren,RB,Eagles,0.00,0.00
40143274,Evan Deckers,TE,Buccaneers,0.00,0.00
40142642,Scott Matlock,RB,Chargers,0.00,0.00
40143284,Thomas Yassmin,TE,Chargers,0.00,0.00
40142598,Carson Steele,RB,Chiefs,0.00,0.00
40142700,Frank Gore Jr.,RB,Bills,0.00,0.00
40142928,Joshua Cephus,WR,Jaguars,0.00,0.00
40142674,British Brooks,RB,Texans,0.00,0.00
40143046,Bryce Oliver,WR,Titans,0.00,0.00
40143332,Treyton Welch,TE,Saints,4.00,0.00
40142468,Emory Jones,QB,Falcons,0.00,0.00
40142572,Chris Collier,RB,Raiders,0.00,0.00
40142910,Dayton Wade,WR,Ravens,0.00,0.00
40142974,Kameron Johnson,WR,Buccaneers,3.60,0.00
40143004,JaQuae Jackson,WR,Chargers,0.00,0.00
40143030,Jalen Coker,WR,Panthers,0.00,0.00
40143092,Mason Tipton,WR,Saints,3.70,0.00
40142602,Cody Schrader,RB,Jaguars,0.00,0.00
40143338,Mason Pline,TE,Saints,0.00,0.00
40142658,Jack Westover,RB,Patriots,3.50,0.00
40142467,Sam Hartman,QB,Commanders,0.00,0.00
40143350,Colson Yankoff,TE,Commanders,4.10,0.00
40142646,Dante Miller,RB,Giants,3.80,0.00
40143250,Messiah Swinson,TE,49ers,0.00,0.00
40142988,Johnny Wilson,WR,Eagles,0.00,0.00
40143300,David Martin-Robinson,TE,Titans,3.90,0.00
40142636,Audric Estime,RB,Eagles,0.00,0.00
40142882,Devaughn Vele,WR,Saints,4.30,0.00
40142678,Jawhar Jordan,RB,Texans,0.00,0.00
40143310,Cade Stover,TE,Texans,0.00,0.00
40143308,Brenden Bates,TE,Texans,0.00,0.00
40143134,Brock Bowers,TE,Raiders,15.80,13.70
40142570,Dylan Laube,RB,Raiders,4.90,0.00
40142846,Xavier Legette,WR,Panthers,0.00,0.00
40142650,Jonathon Brooks,RB,Panthers,0.00,0.00
40143170,Ja'Tavion Sanders,TE,Panthers,0.00,0.00
40142416,Spencer Rattler,QB,Saints,13.80,1.80
40143100,Bub Means,WR,Saints,0.00,0.00
40142944,Jacob Cowing,WR,49ers,0.00,0.00
40142606,Isaac Guerendo,RB,49ers,3.90,0.00
40142518,Tyrone Tracy Jr.,RB,Giants,0.00,0.00
40142682,Sione Vaki,RB,Lions,3.80,0.00
40143078,Jamari Thrash,WR,Browns,4.60,0.00
40142484,Bucky Irving,RB,Buccaneers,15.70,10.80
40143040,John Jiles,WR,Patriots,0.00,0.00
40142722,Malik Nabers,WR,Giants,17.20,13.80
40142860,Luke McCaffrey,WR,Commanders,7.60,0.50
40142638,Kimani Vidal,RB,Chargers,4.90,0.00
40142916,Cornelius Johnson,WR,Ravens,0.00,0.00
40143120,Casey Washington,WR,Falcons,4.20,0.00
40142546,Will Shipley,RB,Eagles,6.10,0.00
40143034,Ainias Smith,WR,Panthers,0.00,0.00
40142660,Terrell Jennings,RB,Patriots,0.00,0.00
40143270,Devin Culp,TE,Buccaneers,3.70,0.00
40142582,Rasheen Ali,RB,Ravens,4.00,0.00
40142856,Devontez Walker,WR,Ravens,5.10,0.00
40142952,Jordan Whittington,WR,Rams,5.80,0.60
40142548,Blake Corum,RB,Rams,8.80,0.10
40142964,Anthony Gould,WR,Colts,4.00,0.00
40143230,Jared Wiley,TE,Chiefs,0.00,0.00
40143184,Theo Johnson,TE,Giants,6.40,1.00
40142990,Javon Baker,WR,Eagles,3.00,0.00
40142406,Drake Maye,QB,Patriots,21.10,7.90
40142976,Jalen McMillan,WR,Buccaneers,0.00,0.00
40142411,Michael Penix Jr.,QB,Falcons,14.90,1.80
40142568,Ray Davis,RB,Bills,7.60,0.10
40142878,Adonai Mitchell,WR,Colts,8.50,8.90
40142748,Xavier Worthy,WR,Chiefs,12.20,4.10
40143098,Ja'Lynn Polk,WR,Saints,0.00,0.00
40142738,Brian Thomas Jr.,WR,Jaguars,14.30,6.80
40142754,Keon Coleman,WR,Bills,10.00,1.40
40143348,Ben Sinnott,TE,Commanders,4.40,0.10
40142396,Jayden Daniels,QB,Commanders,0.00,0.00
40142730,Ladd McConkey,WR,Chargers,15.50,7.40
40142752,Ricky Pearsall,WR,49ers,14.70,13.30
40142404,Caleb Williams,QB,Bears,21.30,9.90
40142734,Rome Odunze,WR,Bears,16.50,15.40
40143090,Malachi Corley,WR,Browns,0.00,0.00
40142888,Kyle Williams,WR,Patriots,4.80,0.00
40143234,Tre Watson,TE,Chiefs,0.00,0.00
40142494,Omarion Hampton,RB,Chargers,15.90,20.00
40142488,Ashton Jeanty,RB,Raiders,15.10,11.40
40143138,Tyler Warren,TE,Colts,11.70,14.00
40142790,Travis Hunter,WR,Jaguars,9.70,0.80
40142415,Cam Ward,QB,Titans,13.70,0.50
40142724,Emeka Egbuka,WR,Buccaneers,15.70,3.50
40142746,Tetairoa McMillan,WR,Panthers,15.40,9.50
40142419,Jaxson Dart,QB,Giants,15.90,5.00
40143172,Colston Loveland,TE,Bears,4.50,0.50
40142996,Tre' Harris,WR,Chargers,5.20,0.10
40142838,Jack Bech,WR,Raiders,4.70,0.00
40142510,TreVeyon Henderson,RB,Patriots,12.60,5.50
40142822,Jayden Higgins,WR,Texans,7.10,0.10
40142502,Quinshon Judkins,RB,Browns,13.10,3.90
40142425,Tyler Shough,QB,Saints,4.30,0.00
40143254,Terrance Ferguson,TE,Rams,4.10,0.00
40142788,Luther Burden III,WR,Bears,8.20,0.10
40142850,Isaac TeSlaa,WR,Lions,6.90,0.10
40143056,Jaylin Noel,WR,Texans,4.50,0.00
40142426,Dillon Gabriel,QB,Browns,2.50,0.00
40143156,Harold Fannin Jr.,TE,Browns,8.60,1.30
40142866,Jalen Royals,WR,Chiefs,4.30,0.00
40142818,Dont'e Thornton Jr.,WR,Raiders,8.10,0.70
40142524,Bhayshul Tuten,RB,Jaguars,9.80,0.20
40142542,Woody Marks,RB,Texans,10.80,0.80
40143042,Chimere Dike,WR,Titans,5.90,0.50
40142820,Elic Ayomanor,WR,Titans,9.40,1.50
40143202,Gunnar Helm,TE,Titans,4.60,0.10
40142550,Dylan Sampson,RB,Browns,6.30,0.00
40142648,Trevor Etienne,RB,Panthers,4.30,0.00
40142938,Jordan Watkins,WR,49ers,0.00,0.00
40142616,Jarquez Hunter,RB,Rams,3.80,0.00
40142868,Jaylin Lane,WR,Commanders,7.70,0.60
40142504,Cam Skattebo,RB,Giants,14.80,14.10
40143000,KeAndre Lambert-Smith,WR,Chargers,4.40,0.00
40143204,Oronde Gadsden,TE,Chargers,6.10,1.90
40143342,Jackson Hawes,TE,Bills,4.30,0.00
40142714,DJ Giddens,RB,Colts,5.70,0.00
40142427,Shedeur Sanders,QB,Browns,0.00,0.00
40143292,Mitchell Evans,TE,Panthers,4.60,0.00
40142608,Jordan James,RB,49ers,0.00,0.00
40142435,Cam Miller,QB,Raiders,0.00,0.00
40143102,Tommy Mellott,WR,Saints,0.00,0.00
40142446,Riley Leonard,QB,Colts,0.00,0.00
40142458,Graham Mertz,QB,Texans,0.00,0.00
40142666,Kalel Mullings,RB,Titans,0.00,0.00
40142908,LaJohntay Wester,WR,Ravens,2.50,0.00
40143026,Jimmy Horn Jr.,WR,Panthers,0.00,0.00
40142692,Devin Neal,RB,Saints,3.90,0.00
40142450,Kyle McCord,QB,Eagles,0.00,0.00
40142590,Brashard Smith,RB,Chiefs,6.00,0.00
40143290,Thomas Fidone II,TE,Giants,0.00,0.00
40142712,Kyle Monangai,RB,Bears,8.00,0.20
40143068,Dominic Lovett,WR,Lions,2.50,0.00
40142600,LeQuint Allen Jr.,RB,Jaguars,6.20,0.00
40143316,Luke Lachey,TE,Texans,0.00,0.00
40142870,Tez Johnson,WR,Buccaneers,5.00,0.10
40142444,Kurtis Rourke,QB,49ers,0.00,0.00
40142946,Junior Bergen,WR,49ers,0.00,0.00
40142954,Konata Mumpfield,WR,Rams,3.70,0.00
40142508,Jacory Croskey-Merritt,RB,Commanders,9.90,0.40
40142904,JP Richardson,WR,Bears,0.00,0.00
40143106,Stephen Gosnell,WR,Bills,0.00,0.00
40143344,Keleki Latu,TE,Bills,0.00,0.00
40142451,DJ Uiagalelei,QB,Chargers,0.00,0.00
40142447,Connor Bazelak,QB,Buccaneers,0.00,0.00
40142630,Josh Williams,RB,Buccaneers,0.00,0.00
40142980,Garrett Greene,WR,Buccaneers,0.00,0.00
40142690,Ahmani Marshall,RB,Browns,0.00,0.00
40143002,Luke Grimm,WR,Chargers,0.00,0.00
40143232,Jake Briningstool,TE,Chiefs,0.00,0.00
40142624,Ulysses Bentley IV,RB,Colts,0.00,0.00
40142972,Coleman Owen,WR,Colts,0.00,0.00
40142688,Raheim Sanders,RB,Browns,3.80,0.00
40143066,Josh Kelly,WR,Texans,0.00,0.00
40143132,Nick Nash,WR,Falcons,0.00,0.00
40143364,Joshua Simon,TE,Falcons,0.00,0.00
40142708,Nathan Carter,RB,Falcons,0.00,0.00
40143008,Beaux Collins,WR,Giants,3.40,0.00
40143020,Dalen Cambre,WR,Giants,0.00,0.00
40143014,Da'Quan Felton,WR,Giants,0.00,0.00
40143244,Patrick Herbert,TE,Jaguars,0.00,0.00
40142442,Seth Henigan,QB,Jaguars,0.00,0.00
40142932,Chandler Brayboy,WR,Jaguars,0.00,0.00
40142604,Ja'Quinden Jackson,RB,Jaguars,0.00,0.00
40142706,Donovan Edwards,RB,Commanders,3.70,0.00
40143074,Jackson Meeks,WR,Lions,2.60,0.00
40142640,Amar Johnson,RB,Chargers,0.00,0.00
40142686,Kye Robichaux,RB,Lions,0.00,0.00
40143296,Bryce Pierre,TE,Panthers,0.00,0.00
40142654,Lan Larison,RB,Patriots,0.00,0.00
40142662,Brock Lampe,RB,Patriots,0.00,0.00
40143298,CJ Dippre,TE,Patriots,0.00,0.00
40143036,Efton Chism III,WR,Patriots,0.00,0.00
40142958,Tru Edwards,WR,Rams,0.00,0.00
40142960,Brennan Presley,WR,Rams,0.00,0.00
40143256,Mark Redman,TE,Rams,0.00,0.00
40143052,Xavier Restrepo,WR,Titans,3.20,0.00
40142900,Jahdae Walker,WR,Bears,2.80,0.00
40142578,Deion Hankins,RB,Bears,0.00,0.00
40143088,Gage Larvadain,WR,Browns,0.00,0.00
40143324,Zach Horton,TE,Lions,0.00,0.00
40143218,Carter Runyon,TE,Raiders,3.90,0.00
40143118,Jacoby Jones,WR,Commanders,0.00,0.00
40143038,Jeremiah Webb,WR,Patriots,0.00,0.00
40142984,Darius Cooper,WR,Eagles,2.60,0.00
40143116,Ja'Corey Brooks,WR,Commanders,0.00,0.00
40142924,Jimmy Holiday,WR,Chiefs,0.00,0.00
40143032,Ja'seem Reed,WR,Panthers,0.00,0.00
40143028,Dalevon Campbell,WR,Panthers,3.40,0.00
40143086,Cade McDonald,WR,Browns,0.00,0.00
40142586,Lucas Scott,RB,Ravens,0.00,0.00
40142462,Hunter Dekkers,QB,Saints,0.00,0.00
40142978,Jaden Smith,WR,Buccaneers,0.00,0.00
40142884,Isaiah Bond,WR,Browns,7.00,0.20
